s1,s2,s3,label
-0.0153120720890692,0.9019075905396592,0.9084137972026692,0.0
-0.114101807807277,0.8804423761309305,0.9293261618424424,0.0
-0.0072066288707854,0.9136478457831436,0.8971804426399141,0.0
0.0180602841709486,0.8748622639649107,0.8627517602949442,0.0
0.1631488429920145,0.8427160324335655,0.860323295845648,0.0
0.0762598449466717,0.9019102448660083,0.9269822043727156,0.0
0.0575334023299158,1.030218991963988,0.9054087679890592,0.0
0.1444907141816667,0.9565540014204972,0.876981668169707,0.0
0.175070645208325,0.8659328954271661,0.7666680868157195,0.0
0.1309271216257696,1.0407110978154797,0.8894455008775055,0.0
0.2264298438880662,0.9068135219836287,0.8724663753884541,0.0
0.2007765544861159,0.9381494700964624,0.7575870586158175,0.0
0.2255474877885446,0.9120772950713744,0.8819832640597335,0.0
0.2904380468494456,0.9891647076799732,0.8678801233740574,0.0
0.278613215491558,1.0149263705947875,0.8819808477586358,0.0
0.264572677723742,1.016729710662262,0.8601604816164754,0.0
0.2907595780339604,0.968638979807104,0.8103006138625684,0.0
0.2412954595446247,1.0365358619945737,0.8681779589106798,0.0
0.4015488902612029,0.9194409030263068,0.8222165054173431,0.0
0.2400398398097157,0.9899393141880702,0.8174270226914357,0.0
0.3379702113743592,1.0414982862423785,0.8530103675071236,0.0
0.4562501221475288,0.9600500268981824,0.8207219747550292,0.0
0.4602559968344789,0.9688640554833324,0.6997100404755389,0.0
0.4007388711437609,1.038768940828863,0.8821857158833721,0.0
0.39278553576793,0.8579867010288099,0.7919777907328928,0.0
0.5243747639454392,0.9061981303623872,0.7931294051328995,0.0
0.4900779944793095,0.8775153686120523,0.7350408284002284,0.0
0.481982984325929,0.887223376008776,0.8215691256429033,0.0
0.4929550688096513,0.7878767651711545,0.7898966507121743,0.0
0.540573386072754,0.7180865346642094,0.8148552686591233,0.0
0.5096326468555293,0.8113358218125132,0.7133132735987939,0.0
0.6029835885728142,0.8170632621960795,0.7700040420451327,0.0
0.5975739434058949,0.7142196354064163,0.7206194695334688,0.0
0.6503013838073157,0.8253904927452198,0.7378969423001582,0.0
0.6144597351891473,0.7063085773746068,0.6567023295361659,0.0
0.5872184349795231,0.7583670621685886,0.6825453309989902,0.0
0.626535174635083,0.6020511761541977,0.645153742380432,0.0
0.6666410719206778,0.6450777372075952,0.7179488675300234,0.0
0.7321117467475546,0.6682145474908879,0.7730327824853136,0.0
0.7579610609053512,0.5644056253443638,0.7005497957589986,0.0
0.6908790489691851,0.496089991894341,0.6626319853858702,0.0
0.7301080746708312,0.4679971983039279,0.6443952945926775,0.0
0.7608721009174386,0.4753474209561656,0.6982968206994475,0.0
0.6672418431206018,0.4353258511242402,0.6624336112337806,0.0
0.7936395091013154,0.3741110556407913,0.5830172513317031,0.0
0.7440521239104086,0.2510720739948137,0.6263909589600247,0.0
0.8080888646419871,0.2949025641167234,0.6044525909416576,0.0
0.8956065928041048,0.2037962768256339,0.6635464546569947,0.0
0.7777908097286007,0.18311408611057,0.6193581683012122,0.0
0.8450362156746842,0.2018624596522744,0.595561919342674,0.0
0.8212871925725056,0.1096610707335441,0.5101466779700329,0.0
0.9023859910244636,0.0248308113293211,0.7165760455491088,0.0
0.8833692754615773,0.0882145426468464,0.5308899351977844,0.0
0.8569396088727544,-0.0036856553430493,0.6316567029191239,0.0
0.7322892120679192,0.0481165727187044,0.5363110739394409,0.0
0.9057892975309292,-0.0166820621441468,0.5211090741451592,0.0
0.9121252553564692,-0.115958687630909,0.5110430302351741,0.0
0.8856958002462032,-0.1189955174199788,0.5464851193734207,0.0
0.9465320385427708,-0.1650798689125199,0.4549816896921752,0.0
0.9082565450214112,-0.2746550174426486,0.5274688556151167,0.0
0.8728429863470717,-0.3008856148114496,0.5218345637641394,0.0
0.9019384901300868,-0.3813908424180197,0.4808338843013738,0.0
0.9325408746238406,-0.3461311847732094,0.566822093429415,0.0
0.9979153164823624,-0.3751417883661433,0.4372291739341891,0.0
0.9738036845528012,-0.3721137252037699,0.4857647201153879,0.0
0.9185286056727996,-0.4562250049547228,0.4360509451450047,0.0
0.9605691087793132,-0.4194026673789448,0.4341941729811556,0.0
0.9248406270934189,-0.5425247092135052,0.4656422512696723,0.0
0.9767209426035536,-0.5674024776107673,0.4794167308062947,0.0
0.9812490111505944,-0.6230873557964931,0.4323050937365774,0.0
1.043381638079096,-0.5295161824185345,0.507609711967911,0.0
1.0362362684541344,-0.6354653989448323,0.3142126340426185,0.0
1.028861330085225,-0.6813244014897993,0.4621878834858949,0.0
0.9899334085510548,-0.7471975725414012,0.4519065443755561,0.0
0.996204516650428,-0.6650926011923068,0.4935092456119448,0.0
1.0203000185885525,-0.7712629963636912,0.4115489606566891,0.0
1.055432571328235,-0.812368408540453,0.3411647998648408,0.0
0.9473577097494246,-0.8400820154152727,0.334639341282562,0.0
0.9681993036855376,-0.7392169221884987,0.3838480373819402,0.0
0.9428529973902144,-0.8461973972170674,0.3047903388585015,0.0
1.0471397936886804,-0.8629371530607401,0.4048351502251959,0.0
1.0841977595558516,-0.8516013404676673,0.4190550250782942,0.0
1.039253229374066,-0.8857248208191337,0.2797908358344256,0.0
1.106508616148506,-0.8606299785254728,0.2868097214712629,0.0
0.954314188851776,-0.964185222611602,0.3184623743137233,0.0
0.973679657542298,-0.8481759055057971,0.2635955929882739,0.0
0.9496894281914308,-0.964850506577864,0.2511314148136528,0.0
0.9573769779859774,-0.9169754782047111,0.2980872175146824,0.0
1.0223714657958412,-0.9547579487087268,0.2372544096894455,0.0
0.9278045822675384,-1.0138907714111915,0.2935358375280888,0.0
1.008307995577733,-0.9574055846376648,0.339916005299496,0.0
0.9415249882921544,-0.9616608905375796,0.2369000427756062,0.0
0.947226722025458,-1.0208301130884474,0.1659770370176092,0.0
1.0511773427142923,-1.059626618216188,0.1797521765974185,0.0
0.9251271865499536,-1.0623424048302683,0.2201603554695824,0.0
1.0488199652110726,-0.968782345587794,0.1420474577913097,0.0
0.9814224943534042,-0.9467928892064776,0.2333523602911726,0.0
0.8951670746912594,-1.0078797557456398,0.1365523522990409,0.0
0.9452529215082184,-0.9666174619017162,0.1725062022665424,0.0
0.8855378482308087,-0.9513684629503824,0.0895090000949054,0.0
0.8691985041908732,-0.9171578508697462,0.2269432746194048,0.0
0.9358629900180568,-0.9171180363374216,0.1345410586645332,0.0
0.8753467530179163,-0.9169654380128224,0.1761665300675576,0.0
0.8675882149693387,-0.7998327596233905,0.0831874619020631,0.0
0.8380784933225848,-0.8433315237020005,0.0362318637214794,0.0
0.8075495272801132,-0.895717291888171,0.0953822919258714,0.0
0.8849530928715209,-0.9189949732591036,0.1002745941995539,0.0
0.7934458750852595,-0.7965668435928865,0.1250561760765902,0.0
0.7674823379098472,-0.8557677738480994,0.0526864124663868,0.0
0.8372794824909348,-0.8351992515506057,0.0903515004404822,0.0
0.7443680900134354,-0.6842472543797468,0.0447614574283393,0.0
0.7808217839321588,-0.8860898209642071,0.1105511337249381,0.0
0.7276807801121601,-0.6701939030711713,0.0554373778205072,0.0
0.7530310900609234,-0.6979297927030114,-0.0077349209159165,0.0
0.7240771658611664,-0.6560506899245555,0.0237448283129925,0.0
0.6913816458222114,-0.6691098797765624,0.010486241391758,0.0
0.7337621006746438,-0.608799586993626,-0.149146363408423,0.0
0.7040894017978301,-0.5003548127433881,0.0402341459408635,0.0
0.6850879845494886,-0.5911474758644164,-0.0101258359327068,0.0
0.6270230791174913,-0.4769109008324854,-0.0174707685247162,0.0
0.5943878431480115,-0.4399075936992885,-0.0871611088770064,0.0
0.6124942334003715,-0.4112297547967557,-0.0866438129816526,0.0
0.6619681930830489,-0.4278168719800982,-0.181621251673501,0.0
0.6490006986582421,-0.4044254138872194,-0.087750059362388,0.0
0.6677876131053062,-0.2632521592648777,-0.1168475640102347,0.0
0.6071268879564036,-0.2355244064959999,-0.1343294482502035,0.0
0.4801839218361933,-0.2232967184436877,-0.1444961612588589,0.0
0.4888621939783181,-0.1870573307350915,-0.1873111605791208,0.0
0.6132530287935788,-0.1579052101198094,-0.107014769753929,0.0
0.5386979967192871,-0.1116428863001939,-0.0671702556050129,0.0
0.5112357004760727,-0.1264888259432624,-0.1322140631740194,0.0
0.4616075111519535,-0.0256863329962757,-0.1454009448341577,0.0
0.4102837806580504,-0.0486245931683437,-0.1278901468801559,0.0
0.4548816975084762,-0.0839997551060448,-0.1317857608089642,0.0
0.3755125384099688,0.0507282205630875,-0.3181023785572948,0.0
0.4592077086237031,0.1121133592584474,-0.177017324298756,0.0
0.5187273187038592,0.1229626308030176,-0.1506441319319009,0.0
0.3680302651313359,0.1830350143420146,-0.2255821912260685,0.0
0.425346807784172,0.1177948753750869,-0.2091579521834262,0.0
0.3017631104042415,0.3454632075895679,-0.1900839538722439,0.0
0.3645102593384564,0.3063727046665737,-0.2054137961275955,0.0
0.3470626014345824,0.2597099145986289,-0.318665661138135,0.0
0.3628167474643837,0.3175211394842312,-0.3045879361146689,0.0
0.1998529309978281,0.3906790990723958,-0.3544373315791557,0.0
0.237624173343376,0.4875585424126824,-0.3230829826758334,0.0
0.2954383622560561,0.4625559941693216,-0.231489500898752,0.0
0.273903610801714,0.4746488660820434,-0.2492179040755464,0.0
0.1822227230377905,0.6180196947235055,-0.3694422307775087,0.0
0.0849330157466788,0.5496304580103998,-0.3276913126686648,0.0
0.2027195766699241,0.6308748658835363,-0.2163500898736912,0.0
0.1081020409364487,0.5914226135709334,-0.3773062384218262,0.0
0.1165194467971783,0.5865516052420947,-0.2699105281268503,0.0
0.0323939569010285,0.6439885000747342,-0.2451673164985869,0.0
0.1134241692181599,0.6878921024813843,-0.3096805341573898,0.0
-0.0195630204534364,0.6390938734023274,-0.447878344379659,0.0
0.0351442717202288,0.8546661920992022,-0.3220812397245924,0.0
0.0583646156930859,0.833534431200609,-0.4373845359408541,0.0
0.0771094799506425,0.808211097573867,-0.3845018928603314,0.0
-0.0399615457734044,0.8031628545232928,-0.4307356017039221,0.0
0.009071999659372,0.9315431866506684,-0.4484959194229015,0.0
-0.1151631709705615,0.9640110599865424,-0.514777100861654,0.0
-0.0914945151073567,0.8643853872961291,-0.555938401242077,0.0
-0.1006492997201402,0.994357026710595,-0.4733788579274507,0.0
-0.0666413684835151,0.8594328497371378,-0.553146296263114,0.0
-0.1028772902544579,0.979112611937809,-0.4235702097443823,0.0
-0.1732359007005401,1.038749873012851,-0.5643761035553363,0.0
-0.1338400584644687,0.9651545415922406,-0.3612254277772846,0.0
-0.1485550788057112,1.052032999252399,-0.5458111599941113,0.0
-0.1582336778666513,0.984868577587846,-0.5967944350377581,0.0
-0.1847062862980662,1.0226419184862392,-0.4473439125347785,0.0
-0.2439927425991374,0.9694980583923302,-0.574715436358403,0.0
-0.2620435002706568,1.004443479132109,-0.5792875544286661,0.0
-0.3606043480468707,0.887267841940329,-0.5429010505709295,0.0
-0.3541108630336019,1.022642573858905,-0.4719512543193321,0.0
-0.3707257128282208,1.0070262371759688,-0.5615268645253034,0.0
-0.3925462300433653,1.0055065354362955,-0.5764537786400994,0.0
-0.4193118288908211,0.9434302562510516,-0.585822296876424,0.0
-0.3707742405096929,0.9489455468988768,-0.5935693638887892,0.0
-0.3630713922842595,0.9771234949812316,-0.6766518246895611,0.0
-0.3428104640929138,0.9446147484684416,-0.6472390201652592,0.0
-0.3852932802844149,1.0384587048976597,-0.6016532583763559,0.0
-0.4977954642068802,0.9129885363448929,-0.587799841897854,0.0
-0.5035722522676616,1.0016827313205618,-0.6507106318791493,0.0
-0.5514407454853107,0.8965709317554528,-0.586067386519983,0.0
-0.4336201318738518,0.8947715647555453,-0.6258338158404722,0.0
-0.5054456115040349,0.899560720070894,-0.6786333989541472,0.0
-0.5334463828928457,0.8382292765589399,-0.6817860374369336,0.0
-0.5346972487055625,0.7066014852732001,-0.6518439481608386,0.0
-0.6786444425690898,0.843727080932934,-0.625714167076061,0.0
-0.6113674432469461,0.7930958036221153,-0.6017940288318427,0.0
-0.5702895511017239,0.7130389713609965,-0.6186423302583757,0.0
-0.6892951136708879,0.7880876973763222,-0.7386988116420875,0.0
-0.6305925725688603,0.6839944791085993,-0.7286711063451743,0.0
-0.6398326189708741,0.729334273804231,-0.7076178260236872,0.0
-0.6940882703009064,0.5940786271706374,-0.6862631798504135,0.0
-0.6499192818567179,0.624975898340001,-0.7557267815778037,0.0
-0.6180465629462079,0.5121247669902095,-0.7103948566216441,0.0
-0.8628397852368246,0.5487241467878027,-0.721109732835188,0.0
-0.7250167629012702,0.4929974658345463,-0.7474883727001678,0.0
-0.7876206201922943,0.4265004574880636,-0.6870589211087221,0.0
-0.7484930425972034,0.3788104434091007,-0.7330664110631813,0.0
-0.7465200883989365,0.3586683359340253,-0.7034519783327707,0.0
-0.7030792744422956,0.3778670487262292,-0.8100530957242974,0.0
-0.693113730128275,0.2525774633983103,-0.7417788326892384,0.0
-0.8929257579371125,0.2823744757171044,-0.7457949176890695,0.0
-0.7987954530833632,0.2493185656123808,-0.8593145720285968,0.0
-0.7312317650771416,0.1690461979781685,-0.8800890876111336,0.0
-0.857997337990386,0.1410974334718102,-0.7761500251803952,0.0
-0.8693945979009676,0.0306584098693712,-0.8215518210610557,0.0
-0.8312757809321214,-0.0107610503278213,-0.86222990391856,0.0
-0.8510261155575614,0.0517192035813325,-0.8624457339386693,0.0
-0.9604994927271586,-0.0419788428822765,-0.8700870644157451,0.0
-0.9773915037491568,-0.0441265314944723,-0.8833844139534658,0.0
-0.940268396512101,-0.0886845597212573,-0.8749652432567008,0.0
-0.8145929952651993,-0.1600821522741424,-1.0090405706899417,0.0
-0.9361804253371552,-0.3140400305608927,-0.8518921031083868,0.0
-0.9380416543371424,-0.136679532571058,-0.8620905591036064,0.0
-1.0102970821346913,-0.1967382333237669,-0.7872333728038324,0.0
-1.0204100043670568,-0.3168814236128738,-0.8864414184322437,0.0
-0.9728652832598692,-0.2323254097251508,-0.9435837730792848,0.0
-1.029349950922274,-0.3738144688701365,-0.9072600833595758,0.0
-0.9123441676117016,-0.3963676167392611,-0.8686518790034948,0.0
-0.9693987205947838,-0.441632236621968,-0.8798131279072301,0.0
-0.9758584966955096,-0.4621904570074172,-0.8628335304184901,0.0
-0.9637797441042174,-0.592960347933102,-0.8929445580591915,0.0
-1.0235643471523097,-0.5734448850861849,-0.8899685552720026,0.0
-1.0380733203330204,-0.5855441690886231,-0.9025753173788758,0.0
-1.0360194073416025,-0.5500522248957003,-0.8951306619810714,0.0
-1.0207587380446426,-0.6552012051120937,-0.9089034027565732,0.0
-1.0055822344990963,-0.7097988674702151,-0.9086439598860128,0.0
-1.0686124917952082,-0.6645195029538542,-0.877441376992599,0.0
-0.9654259864915384,-0.7547319435415163,-0.8471269566800258,0.0
-0.9263022611948324,-0.73589943316485,-0.9654091055257628,0.0
-0.9624407177443534,-0.7844063860448601,-1.01423292418088,0.0
-0.9965527278954744,-0.7666724726869668,-0.9407035820822324,0.0
-0.9407747298259872,-0.8826939315777421,-0.9389447301018368,0.0
-1.0446168011594468,-0.9397775628828646,-0.9734532217132266,0.0
-0.9833335737473232,-0.8624266392731625,-0.913655764985338,0.0
-1.1175138697023366,-0.842876841127492,-0.9376963353803388,0.0
-1.0315642342211058,-0.9338168228944768,-0.9296509672021928,0.0
-1.0428404834307836,-0.8867408836459905,-0.9314959021263634,0.0
-0.9965011203611572,-0.9269050222856572,-0.996921214712068,0.0
-1.0208889680443736,-0.9360141225459324,-0.9788640955328152,0.0
-0.9718738483904592,-0.9535314573827112,-0.9359774244142396,0.0
-1.0056606163296593,-1.0479225815665982,-0.982457335933504,0.0
-0.9266010287093815,-1.0464044964877952,-0.8967638891037039,0.0
-0.9858418308235504,-1.021548762777953,-0.9259788911643004,0.0
-0.868327912332338,-0.8749762657316837,-1.0191740311276165,0.0
-0.9683674857511096,-0.9687153029479438,-1.0737713425568018,0.0
-0.9706966582973344,-1.0206648362503932,-0.9513454217317152,0.0
-0.93297497461643,-1.0150234200906365,-0.9237599071353844,0.0
-0.9453454345760351,-0.9497970739732736,-0.998340449933443,0.0
-0.9680119649290508,-0.9977033471233792,-1.095289831926631,0.0
-0.9185740189701102,-0.988488068396446,-1.0295883113895583,0.0
-1.0041061799755733,-0.9888198549262218,-0.9751686050295304,0.0
-1.0861852168891428,-1.02484801318617,-1.0075114614943008,0.0
-0.9774101295384208,-0.9874992719608474,-0.8869594477222252,0.0
-0.9682192705079512,-0.957271856190382,-0.9662073183459814,0.0
-0.90414482900864,-0.9559936724993944,-0.905995537641924,0.0
-0.9888141740814343,-0.9880894021205504,-1.0100516249008,0.0
-0.9083139416623236,-0.8762042422368203,-1.0360763098639734,0.0
-0.8613544952689212,-0.9646149329910856,-1.044145601790791,0.0
-0.8406808434573781,-0.8251689246288073,-0.9924931115421918,0.0
-0.8696041603448866,-0.8431548279531574,-0.9154331009883014,0.0
-0.8771909394193695,-0.8129240023048967,-1.0114135868914271,0.0
-0.9019856837409044,-0.7709103629203026,-1.0519174061796766,0.0
-0.776832746601111,-0.7074620156640188,-0.9132415155584672,0.0
-0.8565724614846039,-0.788298461060217,-0.9416975613172266,0.0
-0.8222410251630223,-0.7630628692424694,-1.0065829885563524,0.0
-0.8739677977444753,-0.7410920556699105,-1.018852372883826,0.0
-0.7539110645696043,-0.7046690750441434,-0.912721429244932,0.0
-0.7588800671918698,-0.6783055929920124,-1.0791214267877411,0.0
-0.7497037048194201,-0.57893805135667,-0.9654283692108284,0.0
-0.6809812109659144,-0.5787993437933884,-0.9839861519849924,0.0
-0.7349652049457825,-0.5900208869023813,-0.9680539187304444,0.0
-0.5893481269098686,-0.5781957013368189,-1.0614744530815132,0.0
-0.7501388378382507,-0.620294289724589,-1.034259467808352,0.0
-0.7419357936563384,-0.5428003693487786,-1.054160918383658,0.0
-0.695142055352234,-0.4038791911420055,-1.0423319434545333,0.0
-0.6703622068271161,-0.4375916169961113,-1.0221773873691729,0.0
-0.6793194372913827,-0.4434594590859357,-1.15849159551136,0.0
-0.6800132157145332,-0.2817803479406152,-0.9772402799062724,0.0
-0.7307524947146241,-0.316232886783961,-1.0032962464511712,0.0
-0.6122220430550488,-0.303626620229071,-0.997744073239663,0.0
-0.5647940828966447,-0.2059535501985801,-1.0455859359017634,0.0
-0.4373674453599495,-0.1558781583873068,-0.9967973277522796,0.0
-0.5349678137680803,-0.188741316821041,-1.0070888339157855,0.0
-0.4416466172579609,-0.0584166337802148,-1.048460856232156,0.0
-0.5057296650704816,-0.0771785721340888,-1.1030203481937786,0.0
-0.4601841390396829,-0.0111881841365368,-0.9554379356848512,0.0
-0.4547767504401579,0.1290341629262774,-0.9791563588629012,0.0
-0.4584865148717509,0.1291539909633032,-0.9813605737152804,0.0
-0.3761109039973439,0.0587553494876144,-0.9121102927636576,0.0
-0.4310313601651051,0.166926557327852,-0.9436991037799822,0.0
-0.4653022257210256,0.2264626676949228,-0.956402846760139,0.0
-0.4222236647223049,0.2559631283016225,-1.00530894199722,0.0
-0.2955772809545081,0.2672532977128277,-0.9834786271077,0.0
-0.3425443129510827,0.3743061131397257,-1.020936698337362,0.0
-0.326297115388132,0.3082751818160004,-1.029365124243175,0.0
-0.316200523188344,0.4387711481705745,-0.9682616523931435,0.0
-0.2712456387239771,0.4646205753055381,-0.90091108384707,0.0
-0.1771137655239885,0.4139039763951139,-0.9942862231882924,0.0
-0.3648891744063037,0.3935198872286755,-0.983662873299243,0.0
-0.2912368863313948,0.5517542032565214,-0.922455875832302,0.0
-0.2641323639402454,0.4955016240611391,-0.9196231444960878,0.0
-0.2150365559052808,0.5204009680726603,-0.9925692424244832,0.0
-0.1145556296756578,0.5508941397024821,-0.8377920173325096,0.0
-0.0883654301909867,0.6436595073888196,-0.90760551143763,0.0
-0.0913031879885876,0.6855122115410357,-0.9967941479611802,0.0
-0.1432050894622837,0.7236031714711497,-0.9817828067134472,0.0
-0.0478447092036507,0.7982826407205077,-0.8340944476526753,0.0
-0.0355629186768133,0.7105222495028884,-0.90847505867984,0.0
-0.0261532096157502,0.8478644560696584,-0.9353052994744124,0.0
-0.0661630601510015,0.8198253263607939,-0.9743642327806772,0.0
0.0336052684101106,0.9255146522360456,-1.0064108212986738,0.0
-0.0302535894972332,0.8467595032665376,-0.8935917281533126,0.0
0.0908010342877815,0.9177612192893522,-0.8647534019272506,0.0
0.0739846337067124,0.9551862394154554,-0.9342809265993028,0.0
0.078779907727204,0.9157983231714406,-0.9072548185828108,0.0
0.0328501253546536,0.9892340015746388,-0.797483644428185,0.0
0.1395945692778205,0.9233636654062156,-0.8380036591369452,0.0
0.1738853656709975,1.019241292335321,-0.906196483672643,0.0
0.1748899931847435,0.8566179982123283,-0.8272062167226331,0.0
0.1006087049534925,0.9773681721579496,-0.806350026108652,0.0
0.1480646158179094,0.984882065848026,-0.9552569253857544,0.0
0.2957065770054132,1.0131340724301818,-0.8527567508629434,0.0
0.1771535527034766,0.9090133082536744,-0.8002184816487184,0.0
0.2682705381632974,1.091954234846704,-0.9147844946317802,0.0
0.3120205875701133,1.026764903305562,-0.8941239190119912,0.0
0.2909501557154829,0.8846916951776316,-0.8742537483786986,0.0
0.306467452137339,1.052741324159673,-0.8729473273510605,0.0
0.2684571673895186,1.058256743665213,-0.7534255848252651,0.0
0.3421584813568455,1.1483183316519738,-0.7767436106918729,0.0
0.3933064715182846,0.9919053268549028,-0.8707836088647757,0.0
0.4647087105117558,1.1040388492580089,-0.8338747033188124,0.0
0.4526480409707445,1.0245287381585853,-0.8407908716373231,0.0
0.4083383845958325,0.9707838916180044,-0.7841209240959524,0.0
0.3786868007540197,1.013343458813214,-0.8117380008584898,0.0
0.5135464439157357,0.9203683537375904,-0.7270559953991722,0.0
0.4610685597143528,0.8775597135914012,-0.7860089979153188,0.0
0.5104635851676382,0.8944174044314674,-0.8290187818005869,0.0
0.5341656004224289,0.8627135182543729,-0.8012338820357946,0.0
0.5364850037145202,0.8342852863460631,-0.7685179622151155,0.0
0.5776650575992066,0.84186757167732,-0.8280761721304984,0.0
0.6188837105892054,0.7077978266521017,-0.7984918943664848,0.0
0.6118453069872307,0.8502734387765466,-0.8078396913994355,0.0
0.5926584971346369,0.7562599598869008,-0.9078538117481008,0.0
0.6628353074185692,0.7824066393052197,-0.7610333020552731,0.0
0.5327514170547494,0.7514370779722416,-0.6266065357611137,0.0
0.6273045416076266,0.6751733814761324,-0.6833631070202552,0.0
0.6489017842153841,0.6197288749883733,-0.6887132360520216,0.0
0.6974476958126892,0.654846611154118,-0.7434295230821268,0.0
0.6617524962261241,0.6564261783419136,-0.7068668561479524,0.0
0.7190816202872585,0.5051723004627757,-0.670959724881842,0.0
0.7262641988446656,0.5011753851059171,-0.6706709369132555,0.0
0.7192951282929442,0.4883072199586888,-0.5707303731670961,0.0
0.7026952425212406,0.4872963280769503,-0.6809446172260356,0.0
0.7920283446187234,0.3198979404992754,-0.7175911610195724,0.0
0.701380367591486,0.366339705032287,-0.6805672451894308,0.0
0.7971439467706144,0.3333109161823244,-0.5879310587385737,0.0
0.813789484261521,0.3345525643577209,-0.6506143714236428,0.0
0.7881852484079478,0.2551012155387951,-0.6094765884642552,0.0
0.8424899581291301,0.182631730465289,-0.5392960101205253,0.0
0.7193535883694981,0.2373562294885285,-0.6614094604356179,0.0
0.7998077839423796,0.1122382075324721,-0.6319414263578715,0.0
0.8492073880094058,0.1030798958886593,-0.6991515057487808,0.0
0.8998686708675905,0.0857966816564727,-0.6278457994045151,0.0
0.8807791774257012,-0.0711105436332799,-0.5649580174787752,0.0
0.9103628671917764,-0.0205419501750107,-0.6127641835093196,0.0
0.942219266279702,-0.0180708138978394,-0.5020177483934319,0.0
0.8946940445588064,-0.0258321255485932,-0.5291240592634042,0.0
0.8787244390252658,-0.1548865532745698,-0.5093579403461475,0.0
0.8439929057302986,-0.201416997319185,-0.5284058316465995,0.0
0.8511026222066768,-0.1816836558837197,-0.5232841638217572,0.0
0.9930199934782435,-0.2174520824335913,-0.4471743581584711,0.0
0.956969800417302,-0.3310656550801882,-0.4470595209241433,0.0
0.9408816614850688,-0.3614484118791137,-0.5121416849077005,0.0
0.9351859395726082,-0.3844892877646691,-0.4628416954911279,0.0
1.004198382199626,-0.3941766773044582,-0.4551789417082306,0.0
1.0249140787484174,-0.4869717932289866,-0.530574863444735,0.0
0.9333077501342156,-0.3793416697056629,-0.4481158778904294,0.0
0.996922533643766,-0.6011876804593342,-0.3492590298818505,0.0
0.9618815247275996,-0.5780890741172189,-0.4243578590536621,0.0
1.1085067185981812,-0.5739338268586647,-0.4825370759484484,0.0
1.09203941137314,-0.611597543800696,-0.4824253802113155,0.0
0.8847234751632443,-0.6639650204231289,-0.4193464771268776,0.0
0.9464062817320844,-0.5670978637085071,-0.3854506765786798,0.0
0.942106050826066,-0.7723522170891332,-0.353854353471895,0.0
0.8851667006198661,-0.7549551363567055,-0.3929468719756278,0.0
1.015635204336516,-0.7530605192941913,-0.3879384765616661,0.0
1.0436931461011465,-0.8173906997884857,-0.3969281003560893,0.0
1.0123169961412442,-0.7884930202837183,-0.3618889048514008,0.0
1.027090472342412,-0.817918105388501,-0.2900531940053646,0.0
0.9592674167682036,-0.8295661206410424,-0.4096639501116997,0.0
0.9785964582630712,-0.8689170301802827,-0.3485957231155486,0.0
0.9668407308222796,-0.899323965709048,-0.385149973709787,0.0
0.9593706266069948,-0.8206893816956994,-0.3447384364599403,0.0
1.040534656596925,-0.9462265648524186,-0.2083707119160669,0.0
0.963570563380927,-0.9358213331567242,-0.349276051017617,0.0
0.9374194451654052,-0.96334643490829,-0.2960263388056217,0.0
1.0083210978189558,-0.9559807402257424,-0.3601089492446661,0.0
1.0752213125811914,-0.9760022768840954,-0.294830140511142,0.0
0.9035924860701042,-0.96198999382047,-0.2288216094886472,0.0
1.0090624076460877,-0.9946911790041906,-0.2738399810903316,0.0
0.9002853671080666,-1.062188293613062,-0.1579099059536476,0.0
0.9411002987883762,-0.9663289852757284,-0.2897110391302909,0.0
0.9805043412018596,-1.0018327513104204,-0.3007052414012698,0.0
0.9922963533276432,-0.9767188868255704,-0.1709318519836857,0.0
0.9152835537164156,-0.995669231175954,-0.2463587550415023,0.0
0.9868297502722688,-1.0644014143079683,-0.1631112639247665,0.0
0.9089500788606124,-0.8934966437948058,-0.1675840245188468,0.0
0.9358450611505408,-0.987936905847619,-0.1325435728630717,0.0
0.9030878344525344,-0.8495843912080365,-0.1259088237548442,0.0
0.9483388607508988,-1.0004050797323902,-0.2314830956654781,0.0
0.9484122419667168,-0.9990805895267276,-0.1680719109554296,0.0
0.9174349907214912,-1.0433354866572722,-0.1118782951986981,0.0
0.8937151697794089,-0.9682127215620968,-0.1570038651669062,0.0
0.8883757133703719,-0.9273591160129636,-0.0855931153987235,0.0
0.9690259672615554,-0.941329780668889,-0.0874400314991362,0.0
0.967010055148648,-0.8549700977151731,-0.0829265811608638,0.0
0.8244932293188333,-0.917090850201671,-0.1711008240076356,0.0
0.8824265110862533,-0.9034740819843836,-0.1003200292948741,0.0
0.7925053939085505,-0.8331240478926037,-0.067274839319875,0.0
0.8293777360206032,-0.7932994437918827,0.0852204842182169,0.0
0.7358735127636781,-0.8037394639397787,-0.0269272584573257,0.0
0.7342858944313532,-0.7905770953336273,-0.0393115025266289,0.0
0.8131571499490258,-0.8030083068407642,-0.0181862059470574,0.0
0.7726728070510621,-0.6454867915539785,-0.0235066354501909,0.0
0.7423740871627991,-0.6893941302818569,0.0584503958337226,0.0
0.779088884339399,-0.6049196441446641,0.0748350969956204,0.0
0.7397502680195767,-0.5678134412022235,0.0415628954056634,0.0
0.7648027338542679,-0.4776086450620439,-0.0745746074411283,0.0
0.7030293252652479,-0.5408842282681042,0.0696230927685893,0.0
0.7084405676245822,-0.5437401145593123,0.0816666557491354,0.0
0.6887202920530172,-0.4584990742098843,0.0893632956104908,0.0
0.629802128155681,-0.5059664597496827,0.0580659993740538,0.0
0.5530257878763123,-0.3907651419166003,0.0900287659533041,0.0
0.6275508212340786,-0.322514175577528,0.0802137894401114,0.0
0.644875564249852,-0.3016766481012097,0.1268226058999292,0.0
0.5313112436834367,-0.3639691298043491,0.0641350796430404,0.0
0.6100529333738693,-0.174381716508661,0.142907412718428,0.0
0.6013166748104266,-0.1794533545941815,0.162980177124962,0.0
0.4854643814764323,-0.2116709345901501,0.2042842894950363,0.0
0.4594230635611639,-0.1712318997328232,0.1453377646033,0.0
0.5244183640645482,-0.0156959011424801,0.1086872686200935,0.0
0.4718488122876688,-0.1137212345968914,0.1734660817840555,0.0
0.5563168576656705,-0.0753524653323211,0.121577345734883,0.0
0.4686450184833314,0.0744701072784595,0.195617298127034,0.0
0.3899285049001088,0.0698616531072813,0.1928623369741644,0.0
0.446837215279126,0.1176352444081521,0.2820976765830646,0.0
0.382781117305088,0.219817979705499,0.2272818489335027,0.0
0.3816404021500774,0.236828619226656,0.2705234821668774,0.0
0.2735275917950222,0.2432745014816506,0.2199930522939933,0.0
0.4345690565586945,0.2228122785861342,0.2226813664903628,0.0
0.3903267816141349,0.3094967551014009,0.3082147303283001,0.0
0.2643375620384928,0.3309884325316177,0.218941392268647,0.0
0.3520660313528347,0.4531074209169812,0.2376697311890189,0.0
0.2591600743080803,0.3620149507678986,0.2968433078670283,0.0
0.2076062265350035,0.4512757370465903,0.3331155819444012,0.0
0.2394255925977462,0.5272696813626399,0.3123764225405189,0.0
0.2586298673183559,0.5319725129676975,0.2642631126130212,0.0
0.1879798882405235,0.5586179441955005,0.237429939289395,0.0
0.1555574956744679,0.5393710358442613,0.3077581257003798,0.0
0.2072003704883937,0.5905844616706875,0.3180975188369566,0.0
0.1130787514851093,0.6675070038924997,0.2981713757536743,0.0
0.0955889253354494,0.5466989595684897,0.2961771590782284,0.0
0.0489092312502867,0.7065595331495906,0.3882183586712469,0.0
0.0538156781349921,0.7198155683011377,0.410515135741034,0.0
0.0870118391625019,0.820804635878857,0.40518256599107,0.0
0.0055057947761927,0.7615146772945153,0.3798032364838093,0.0
0.0693445743087157,0.8398203723791703,0.39772190323122,0.0
-0.0518074741790766,0.8980351806389791,0.3858123333575906,0.0
-0.0710818125644876,0.8909706883176728,0.3562486104427356,0.0
-0.0980386267803684,0.8127179049835314,0.4697050279195932,0.0
-0.0980999269132764,1.0113959109473118,0.3878066946314389,0.0
-0.0923050951484112,0.92510353865124,0.4734884962798624,0.0
-0.1230608695957483,0.9855362394429364,0.5038651550503676,0.0
-0.1283107653423792,0.9835221644019768,0.459819547762386,0.0
-0.2205481823494187,1.0043705140406174,0.5106868960668614,0.0
-0.0899300122143257,0.9685194720064942,0.4527931688865984,0.0
-0.1967790057103784,0.9511306439559424,0.4514942467782227,0.0
-0.2203380589183478,1.1532879037466484,0.4694900649473804,0.0
-0.30093825361533,0.9161474936312496,0.5396518581958135,0.0
-0.2914714363605854,1.0388064205394478,0.4987760610662498,0.0
-0.2588617746490603,1.0677961073119238,0.5236584216131357,0.0
-0.2586232636072945,0.9560629268977752,0.5451329499694635,0.0
-0.3234986731701895,0.960174779204,0.5535953413466391,0.0
-0.2972780969902096,0.96262047483345,0.5537770007504612,0.0
-0.3045708491255126,0.9652532680616802,0.5686605479536208,0.0
-0.3198914007249896,0.9391990439965584,0.5646057086655428,0.0
-0.3365390989256983,0.9819249735381116,0.5831346772106274,0.0
-0.2887215745372503,0.952074703767306,0.5921562289038528,0.0
-0.4795122526609076,0.9515175721929806,0.6133706940281783,0.0
-0.4398353155199883,0.9249887551220576,0.6814148978131233,0.0
-0.4902979718484686,0.901410081080139,0.5159263876283936,0.0
-0.459109510293523,0.8683441864224657,0.5560888644197333,0.0
-0.4475341293608925,0.8867426418534214,0.647561786506667,0.0
-0.4844159645752205,0.8685944111729329,0.6520930011968725,0.0
-0.4554402834508009,0.8731839041150875,0.6444075171461279,0.0
-0.5481258424320287,0.7429595733767912,0.6422304033966892,0.0
-0.5126031686671012,0.8142550837017528,0.6235912109828862,0.0
-0.5712023364835555,0.8159855516730575,0.6260432078229357,0.0
-0.6433768149191089,0.8392629168014006,0.6253260699493046,0.0
-0.6417471617393123,0.7235885342225991,0.6406426009798523,0.0
-0.579933325166558,0.7206250224409232,0.630095901539768,0.0
-0.6588235935989785,0.8401990496817249,0.7616764893278075,0.0
-0.5815879784194786,0.7111038779894175,0.6801534845070464,0.0
-0.630259846180658,0.6540935683515149,0.6878953474020212,0.0
-0.5790854109358944,0.584185666045995,0.7090586176425229,0.0
-0.6725887364313168,0.6095135785475081,0.6954099512575724,0.0
-0.6684205803278938,0.5946064419983778,0.7463408269547475,0.0
-0.659186190631048,0.5836296705930418,0.7470240609075807,0.0
-0.7453606595344163,0.4472627136053033,0.792276511410438,0.0
-0.7763982187929912,0.4940896839352119,0.763240191871172,0.0
-0.7051003255553825,0.461037786060593,0.6954943821397773,0.0
-0.8102404059126515,0.432047212974475,0.8399430079574459,0.0
-0.6986194858305927,0.1665769444358422,0.7951072912428558,0.0
-0.7801128341158151,0.3177644062950798,0.7801588590471584,0.0
-0.7600506169746137,0.2116138337356458,0.810821900990852,0.0
-0.8187116994352396,0.2113338107441773,0.8087565498876982,0.0
-0.7720107268716753,0.2414162926317703,0.8082796803430122,0.0
-0.9167961488678212,0.1305673510038512,0.7876427524765827,0.0
-0.7907418010364127,0.1307330698210414,0.7415240909235519,0.0
-0.858478560326398,0.0315759948498023,0.8471377547697234,0.0
-0.7617151673162135,0.0821370280780865,0.7952187133852167,0.0
-0.8402620408121652,0.0649197161559014,0.762033895099731,0.0
-0.9979990802981644,-0.0273526515058647,0.8295961122542898,0.0
-0.922046126473872,-0.0613144861237088,0.8175785401645038,0.0
-0.915218120958898,-0.1065228562266064,0.8465212141889109,0.0
-0.979674773044186,-0.1873236230785787,0.9388319671518032,0.0
-0.8496828273713537,-0.2785258910675961,0.9029552851285704,0.0
-0.8696247439072883,-0.2170687675519807,0.884575840400223,0.0
-0.9339165843054072,-0.2857607928096211,0.8123670898689067,0.0
-0.9699234853561104,-0.4163320319479264,0.971643327175706,0.0
-0.9063762145221492,-0.3913172941007629,0.8985960553945886,0.0
-0.9732854219024414,-0.3460255307659391,0.84254533362952,0.0
-0.9014098617447388,-0.3506428144129955,0.9143148096744558,0.0
-0.9666907341422636,-0.395236603549552,0.8572265123188343,0.0
-1.03958973483146,-0.5338125314613246,0.9056058132266052,0.0
-1.017936277949015,-0.483426058514163,0.9337887562322512,0.0
-0.91806108833418,-0.5666785097262753,0.9396673558475256,0.0
-1.1205515913437925,-0.6255012373353037,0.8829657417023993,0.0
-1.0186560516442889,-0.5770025828897486,0.9304661793579568,0.0
-1.0245769158437694,-0.6687264552138807,0.9633641091905214,0.0
-1.0800535030327536,-0.6748221029484897,0.8887031080637502,0.0
-0.9942816870498384,-0.7087434759395345,0.9361925166183944,0.0
-0.9181240005146752,-0.6957538463323647,0.9774698389339928,0.0
-0.9398077421919168,-0.7884914010728296,0.8450991745629672,0.0
-1.0742837375272145,-0.788161124880146,0.9214145606365712,0.0
-1.004766387442857,-0.9362270602566816,0.970707175303498,0.0
-1.0136090705702632,-0.7839798863661497,2.1638368391985794,1.0
-0.9666210653640708,-0.8018372114929394,-2.0477466149268464,1.0
-1.0365303011116982,-0.8741786431841874,-1.330877566356346,1.0
-1.0220482992980418,-0.982203181232737,0.4648626648374863,1.0
-1.0287176989729188,-0.8960628548913655,2.160237940690842,1.0
-1.0042063973329998,-0.8648672461076975,2.9420503701985465,1.0
-0.904891697731598,-0.8871050186528904,2.390522506568906,1.0
-0.972130364725036,-0.9237249597012972,3.2826422860729476,1.0
-0.9327668291782538,-0.9502116097522042,-0.5186369885078304,1.0
-0.9400107166555894,-0.9628868563803592,0.8191881459195196,1.0
-1.0102416024623724,-0.9608981019803884,4.973204127341791,1.0
-1.0616884733071712,-1.079032271352038,2.2153335475040956,1.0
-0.928994169763382,-0.9515582335536196,2.488735741082032,1.0
-0.9758839477824884,-0.9647511032576156,2.1472398549352105,1.0
-0.968775045636876,-0.931872747020168,2.6775016982851483,1.0
-0.9359508778347276,-1.0274840666217613,0.8703339961923685,1.0
-0.9096108217190736,-0.972192221266286,1.8129951271139118,1.0
-0.9831636202449524,-1.052259650922524,0.33375088666031727,1.0
-0.9108410024024908,-0.9918789712159086,2.6831821333929198,1.0
-0.8955481843217887,-1.0460745827819946,0.7321875974138072,1.0
-0.8843238330422329,-0.9940210716798256,-1.7462432818695994,1.0
-0.8960980911870845,-0.9953886669834412,1.8199256100025165,1.0
-0.8413181584575733,-0.9732534191657328,1.6463415705991171,1.0
-0.9426011026087912,-0.962805743220984,3.310576036058971,1.0
-0.8911490015374455,-0.8798965462758397,3.4111454152841647,1.0
-0.9020272215650392,-0.9451615373770872,1.3696537904435502,1.0
-0.9313120751713804,-0.8548105417667133,4.093594023807812,1.0
-0.8072150356986891,-0.8978134259349713,1.1497738686533956,1.0
-0.8522852027730018,-0.8181901056402807,-0.056097308820082015,1.0
-0.8678250752708919,-0.8030300964776612,-0.01574296049371715,1.0
-0.7383474200944748,-0.7150638244552963,1.0354335679748996,0.0
-0.8234831419487726,-0.8305100117794273,0.9550469360286707,0.0
-0.8112559887948305,-0.6561497549696944,0.9823681172947556,0.0
-0.6735843094079259,-0.819134032911061,0.9626919204242156,0.0
-0.8004767160458934,-0.7043805633979443,1.0368608933943753,0.0
-0.8258624881032406,-0.6423791583988036,0.9609344004866548,0.0
-0.7215187178014059,-0.658191322106385,1.0343307665689951,0.0
-0.6892644793181021,-0.6402632709081514,0.93320507956913,0.0
-0.7180628963232922,-0.5869497986333347,1.05623656775165,0.0
-0.7455743928403881,-0.4829449551130371,0.9274919110982438,0.0
-0.7252304178790604,-0.4927820547825463,1.027577453995622,0.0
-0.7216111648231772,-0.5053364554950128,0.9387284289374136,0.0
-0.754263817207921,-0.4618641704834194,0.9531643725233948,0.0
-0.5718275240382191,-0.4061080961287383,1.02146385259423,0.0
-0.5736033084376807,-0.3503777956187677,0.9668938376436164,0.0
-0.5604921347612959,-0.3547811234486708,0.9396116740812664,0.0
-0.6529812384358804,-0.2514642820736723,0.9874629712152216,0.0
-0.6997279627795545,-0.1538618461007624,1.00286631468122,0.0
-0.5494178920561866,-0.1713626584989009,0.9849089864739532,0.0
-0.5656322320142757,-0.1666500539162574,1.0181238761922025,0.0
-0.5256395694590412,-0.1279645003868693,1.0287487702825846,0.0
-0.5337636905038331,-0.0961067642976899,1.0250537640492408,0.0
-0.483249121742472,-0.082028025661573,1.0445687864939908,0.0
-0.5031847897556453,-0.0453000481481075,0.9501184093721474,0.0
-0.4665150266618135,-0.0401938784544107,1.0736745003344284,0.0
-0.3824230213431428,0.0167580011506652,1.008667864407343,0.0
-0.4516755077375179,0.1179694876003886,0.9558775806607188,0.0
-0.4571037935462545,0.1919093656455228,1.043597419329778,0.0
-0.3297964642226961,0.14059665287631,0.9680985567417376,0.0
-0.3388129251955646,0.3114106665078733,0.9385165497577748,0.0
-0.2844618930164466,0.2372300912184235,1.0481424325313649,0.0
-0.2815487922577798,0.283388560934037,0.9855788392959888,0.0
-0.3522244637117155,0.265898808190972,0.9781385754221146,0.0
-0.2632907973716745,0.3435716136345753,1.0359922479281929,0.0
-0.2961477422995549,0.4241371359350711,0.9747055171121232,0.0
-0.2109415096984528,0.4471160691356146,0.9287629425567956,0.0
-0.2930164931637934,0.4109056620575907,0.9545830970252605,0.0
-0.2217313059396812,0.6225376252208396,0.9902788767752828,0.0
-0.2517617141246838,0.5418336830573404,0.9244069629063756,0.0
-0.167937025326935,0.5637774624481693,0.90767635238908,0.0
-0.1110284181058258,0.5953407205381585,0.9944247516702585,0.0
-0.1123494559408247,0.5989925524799545,0.9172579583100922,0.0
-0.1480789536836433,0.6883106084594559,0.9322964685392848,0.0
-0.0539617832354295,0.7906424620264465,0.996025541281814,0.0
-0.1314774806942164,0.631847547652858,0.9004538119046509,0.0
-0.0626241656464468,0.8224834967563255,0.879906932461693,0.0
-0.0302186472797458,0.89385827745087,0.9265124141692992,0.0
-0.0557571044598248,0.8721101183634693,0.928170598139934,0.0
-0.0237460137796579,0.8378035479938949,0.971173288768657,0.0
-0.0077660754803453,0.90407277349117,0.9042247742842028,0.0
0.0672306340096148,0.9106120499811344,0.97001281745502,0.0
0.075246712552366,0.8658779862701016,0.8734986225371025,0.0
-0.0022834528734095,0.9304679807022346,0.8675109132263438,0.0
0.1005161813884699,0.8905311046071613,0.9022623688452234,0.0
0.1704550809359135,0.97568049677467,0.8810462482422077,0.0
0.1511370646542245,0.8782495928340717,0.8458263176400954,0.0
0.0865399267773196,0.9712636377037992,0.7791265621655307,0.0
0.1624149815269496,0.9348571009516596,0.8414673270756596,0.0
0.1121522840524321,0.980907360233137,0.924355647532516,0.0
0.23687069754604,0.9913645755380848,0.9054105911494766,0.0
0.1868590953483473,0.9999336817070128,0.84836345364772,0.0
0.2334047270750731,0.9031107387252152,0.8102252047718747,0.0
0.192828857655015,0.995800096168427,0.8364556613825,0.0
0.3418900832764486,0.9884652069607048,0.8585198980108063,0.0
0.3538673642609232,1.0882001127368022,0.8313206968270368,0.0
0.2795553476375794,0.9476215716294382,0.8146382419983558,0.0
0.3771570186959067,1.009160106741149,0.9148256769990668,0.0
0.3676606659455437,0.8193031914323406,0.7642047862487913,0.0
0.4158517630699622,0.8454793005845936,0.8089637427747032,0.0
0.3979888654658993,0.92249453511667,0.7317199288347078,0.0
0.3839602210569877,0.9298642471994508,0.729197023096146,0.0
0.4098452518167872,0.9377335497344534,0.7896211892493057,0.0
0.3861687013632015,0.945102508820888,0.8660010762242931,0.0
0.4639513737756634,0.8974381908674101,0.8133241588586678,0.0
0.5259207932069594,0.8496044987010685,0.7962668500823062,0.0
0.4578687841553961,0.9076760698892108,0.7655529446640519,0.0
0.5561198041714049,0.8735421588399964,0.7753274580318302,0.0
0.5640134318534457,0.8016035424673408,0.8041037415114379,0.0
0.5270738396383209,0.7469473228024508,0.7378676939747438,0.0
0.626030614872947,0.6984603755808453,0.7248756559385944,0.0
0.5750962228130234,0.83859024546707,0.8132205059659171,0.0
0.5185213369084944,0.7942544160889884,0.7814279919996479,0.0
0.6458275515281942,0.7460919791277492,0.8182008591517084,0.0
0.6835473172041984,0.6437283519880638,0.7607754120328442,0.0
0.585749446797544,0.7300817487967682,0.6871445721884395,0.0
0.6784749887705344,0.5917253533591278,0.7095119589598181,0.0
0.6760035383626934,0.5514137077721802,0.6845726189602241,0.0
0.7533840437974625,0.5678205027487414,0.6429286010687033,0.0
0.7518778324135523,0.5018191596485463,0.6071270527209768,0.0
0.7878358618237641,0.5289457239185874,0.6927458130739418,0.0
0.8079131981965867,0.4478092469917984,0.6922652712127509,0.0
0.7535523851804665,0.3610902054139281,0.6268105896678071,0.0
0.7541549341692634,0.3871551707638309,0.7327019746526284,0.0
0.7888863111593399,0.3235184556306348,0.6464498088381999,0.0
0.7859020633497241,0.3006294894202836,0.7291012423022685,0.0
0.8703246797752007,0.2133301792862442,0.6490230971744848,0.0
0.9285645790992948,0.183569287517791,0.5687278024908229,0.0
0.8603244518605184,0.1238975790455843,0.5708576619449427,0.0
0.8217071483632509,0.1248430438228429,0.6062170702330807,0.0
0.864364664506887,0.1212925477686321,0.5698218856148182,0.0
0.8737740535934305,0.0482027711885299,0.5416100267952464,0.0
0.9144146626207128,0.0887423445337196,0.5726787995324576,0.0
0.9721677429097764,-0.1299657093159331,0.5826012944951839,0.0
0.9075031427906706,0.010404290657808,0.502170488110266,0.0
0.931288708347786,-0.1252935362681041,0.5465240417938084,0.0
0.894104650872013,-0.0739442646885717,0.5221480380528086,0.0
1.0160977864851437,-0.1964782796515405,0.5931839914846518,0.0
0.91784863394174,-0.1549890585574689,0.5016803705848568,0.0
0.9356132323448708,-0.2064381674782775,0.5126745163441048,0.0
0.9302165112635696,-0.2011429764003979,0.5127820309083032,0.0
1.0347790889378363,-0.2763695290974697,0.4417122057424829,0.0
1.006134836670821,-0.3723413846667817,0.5695606948216778,0.0
0.9391119647354784,-0.370507721139427,0.4319999878200879,0.0
0.932426503102152,-0.4031360721755476,0.4526513723963507,0.0
1.059587659577483,-0.3764197540568222,0.4657865363774552,0.0
0.9451680936190492,-0.4543185078245428,0.5053068837581463,0.0
0.8884904176402143,-0.5757105420087302,0.4433494000656325,0.0
0.9521512969343456,-0.5447110774770634,0.4328094556010279,0.0
1.0171761695873427,-0.6568086619640634,0.3968865211180615,0.0
0.9515927291920996,-0.5854344256006878,0.4955866763394643,0.0
0.9898570109650718,-0.6416072835100355,0.4240169543055958,0.0
0.9724701229085556,-0.6645909345001992,0.4315288582274864,0.0
1.0247322795948195,-0.6467064443044916,0.4065162071103152,0.0
1.0145077800261797,-0.755046045574058,0.3602219829238851,0.0
0.997086952409474,-0.7632831986594217,0.3625986423694873,0.0
1.0398192563381088,-0.8162359236072794,0.3722794227152733,0.0
0.9502474206539202,-0.7724102742589887,0.3521337845027663,0.0
1.0136718309403268,-0.8430585323307114,0.3328420661958199,0.0
0.9359918291346966,-0.8946715931843284,0.3024920973348433,0.0
0.8937483768145413,-0.8600130728606232,0.2974979078290055,0.0
1.0061913637094722,-0.91007308654986,0.2688471651439911,0.0
1.0343155164828026,-1.0015207783831943,0.2689180948444702,0.0
0.9945366890588172,-1.0511732538156242,0.3501231540593486,0.0
0.9724213539846572,-0.9393161927460892,0.2720803465975174,0.0
1.0327625617645733,-0.8594045451176464,0.3031103423035667,0.0
0.9917465465394484,-0.9587144791869294,0.2927624927644694,0.0
1.0127700023176345,-0.9844037099597962,0.1809931377980231,0.0
1.0218443385967186,-1.048668996774943,0.2978536051426803,0.0
0.9338927482379976,-0.9977838476381324,0.2784749471345031,0.0
0.9635167572576024,-1.051358316991287,0.2485972541988789,0.0
1.0011498460357624,-0.9191181625450566,0.2527328664840195,0.0
0.900195285087723,-0.91482066567891,0.2486766391781334,0.0
0.911096104825214,-1.044503639214942,0.1439825440034215,0.0
0.9383612556130524,-0.980985522990625,0.1417382716393477,0.0
0.9867195073400435,-0.9662004264869138,0.2610865772339645,0.0
0.9814416860131444,-0.951886492431947,0.1392089752020175,0.0
0.9018709112955944,-0.975186812903832,0.193922643676187,0.0
0.8957922133184828,-0.8325098341611489,0.212309431104945,0.0
0.8484303588506983,-0.9937507575862156,0.1604142177160793,0.0
0.8553790091243363,-0.9470672327520044,0.2272529509936977,0.0
0.8967133070040153,-0.8823269652641939,0.1320536217643127,0.0
0.88873683621872,-0.9813540383187648,0.0923261693035505,0.0
0.9259195531828665,-0.9948617105967792,0.0597582683885343,0.0
0.8698445203769404,-0.9378585338337906,0.0859820152214876,0.0
0.8476719725858949,-0.7754542268727237,0.0918669840773647,0.0
0.8268636545481807,-0.7751005281720486,0.0700941808649536,0.0
0.8725911727506993,-0.8118962405326299,-0.0336421597608338,0.0
0.790924250002198,-0.7443275339400164,0.0514542316974983,0.0
0.7829487680278807,-0.8074528095962952,0.0065312536495972,0.0
0.9071187650100128,-0.7320953561778202,0.1096414056423974,0.0
0.839844409167117,-0.7444997932309254,0.1091481784875379,0.0
0.7826794279402357,-0.7029852459476519,0.0222613708204986,0.0
0.6678046283885027,-0.6119247033357839,-0.0205558890782523,0.0
0.7482837931576755,-0.6951681507331978,-0.033816546688872,0.0
0.7572136112306743,-0.6564174643971246,-0.0478168344298688,0.0
0.6718149519010645,-0.5788871276367739,0.0296500961252205,0.0
0.6799921881752111,-0.4517422249376487,-0.0191752700331482,0.0
0.6971167680482955,-0.4425189680464548,-0.0017576838365753,0.0
0.7589349967326031,-0.5120193702464636,0.0076006599013322,0.0
0.7312252107379493,-0.4431001874258966,-0.0239071834272016,0.0
0.6097569842328945,-0.3965198807324893,-0.10199752733478,0.0
0.6539179711889506,-0.3521755060831626,-0.0705097322927065,0.0
0.6168933385151926,-0.3083206278985249,-0.1861605965647663,0.0
0.5776120209270037,-0.4231779319009656,-0.0643518953601169,0.0
0.5882559083464256,-0.1340322381986314,-0.0998464410141419,0.0
0.6173861752178385,-0.1388926447056873,-0.0191525055380846,0.0
0.5432659493979358,-0.221444379999681,-0.0928537328910106,0.0
0.5076344642672019,-0.0795534290646364,-0.126778960042045,0.0
0.5348090814975985,-0.0720708466490944,-0.1893800088625012,0.0
0.5410121613382054,-0.0677014032524058,-0.1795937920462478,0.0
0.4288435153893803,0.0152335274410221,-0.142641328431981,0.0
0.4569633923081508,-0.0029549597728472,-0.1987698672626102,0.0
0.4422223934535011,0.1024773859622188,-0.1603390339164037,0.0
0.4923178765915684,0.0988630114026486,-0.2680428153144148,0.0
0.4253036340150379,0.2030682052882305,-0.2444911552033145,0.0
0.3639265330160536,0.1810542171830772,-0.1633613550177873,0.0
0.3803298050174267,0.2287187263979332,-0.2396468834265927,0.0
0.3753566546078446,0.1605867134329639,-0.1861668931738084,0.0
0.3673322163437429,0.1850304798661116,-0.2737725552734537,0.0
0.3610624397097463,0.3578712834137461,-0.2525807660624649,0.0
0.2442978322798395,0.3904158725391278,-0.2524003599883266,0.0
0.2714315104801596,0.497924784272905,-0.2872850043353102,0.0
0.2235137869269928,0.5146532734564728,-0.3069287071468902,0.0
0.2390434487336845,0.4881232068368499,-0.4020323336614435,0.0
0.2802925466370661,0.5626878139864439,-0.3067072603444571,0.0
0.1894719965829484,0.5101184390558088,-0.2615878509142639,0.0
0.2332015278825699,0.5900410694453222,-0.3591905010723927,0.0
0.1500670192631804,0.6146852211582742,-0.2623034734179894,0.0
0.2747988284791683,0.6390117416839083,-0.3467366581928561,0.0
0.1582118987260849,0.5698976927541197,-0.2316785163002442,0.0
0.1078642190426481,0.6574527880218343,-0.3909665471026455,0.0
0.0697763760097729,0.7377168521958696,-0.3387758863432386,0.0
0.1415601805300547,0.7360852475339943,-0.3673020064077528,0.0
0.1068192954506145,0.7367250559076647,-0.3610835947488126,0.0
0.0329686587851754,0.8057733498861026,-0.321021337210973,0.0
0.0103239600240879,0.8276118697462683,-0.4087105536330627,0.0
0.0253778216829597,0.9155849350193066,-0.4537927883544934,0.0
-0.0339182379413185,0.8487882702603803,-0.4420779394248693,0.0
-0.0991496019596768,0.851635940784661,-0.4042411559147171,0.0
-0.0393311376193839,1.0005362365554793,-0.4508641012140794,0.0
-0.1224384095893034,0.9033856537878951,-0.4904092523390119,0.0
-0.1425305388798864,0.9569289942747302,-0.5742391977842171,0.0
-0.0614292408453047,0.9069226852244314,-0.5162428864819021,0.0
-0.1884760285185408,0.9215250658615644,-0.4766259569920157,0.0
-0.1487004462865911,1.0398875374748762,-0.420327737952006,0.0
-0.1530660934175413,1.0390422939465729,-0.4910690005695783,0.0
-0.1397894895681442,1.0554236808922626,-0.4734420264557004,0.0
-0.2140528738558853,0.9566627873195608,-0.6506966137323671,0.0
-0.2473667525893182,0.9451508538028428,-0.5264532310818768,0.0
-0.3214895073982549,1.0122162408398472,-0.4996848966993017,0.0
-0.2843465992249513,1.0537209444888218,-0.5840889349708362,0.0
-0.3226211744501297,0.9315658494012584,-0.566636973695397,0.0
-0.3003996024073831,0.9612166826851142,-0.5866742516104176,0.0
-0.3062352266689213,0.9729437362407686,-0.5683694015228585,0.0
-0.3835842706580335,0.9522900769023016,-0.6236858696372035,0.0
-0.3734424305260192,0.9625787509331604,-0.6253057438318228,0.0
-0.4057294272665849,0.9137962051277356,-0.5453872288874014,0.0
-0.4160634294982684,0.9575810008037248,-0.6504591245517265,0.0
-0.3852595326879315,0.9021032508755548,-0.5708329775346407,0.0
-0.5001919312938351,1.0081642041095362,-0.5538090857349545,0.0
-0.4983345863483598,0.8374332125278244,-0.6083414279140532,0.0
-0.4970333330921098,0.8593738198665554,-0.6902538719134338,0.0
-0.5008412599904905,0.8447704973158501,-0.6684918194743649,0.0
-0.5500610054786313,0.8677565664849679,-0.6544231554427142,0.0
-0.5678474194873334,0.8597023979260734,-0.619571314057709,0.0
-0.5802317065488521,0.8563768770524932,-0.7004379177311774,0.0
-0.5713038280764281,0.7951412556882743,-0.6166472110019624,0.0
-0.5813455187083856,0.7760457794142148,-0.6279302848029079,0.0
-0.602625790160943,0.7709094131423854,-0.7406869494273632,0.0
-0.6256469334651752,0.7443277381327397,-0.6535048998820662,0.0
-0.626181269482271,0.6680775946710064,-0.7174819641696695,0.0
-0.6352947614245067,0.7259461116395274,-0.7055742009572917,0.0
-0.6632111252701003,0.5964119551972719,-0.624500173782786,0.0
-0.6034733524040855,0.6214698879171591,-0.745605484551279,0.0
-0.703979164595385,0.5684156124104401,-0.7745487471467736,0.0
-0.6430010676292318,0.4533945961182827,-0.7292720884282646,0.0
-0.6744777972521627,0.464932283453735,-0.759524292676145,0.0
-0.7639582607112195,0.5497044446410412,-0.7022027744279729,0.0
-0.8206681417935908,0.3798581279037481,-0.7111072030330937,0.0
-0.8661610612454137,0.3940693452128557,-0.6724284703847222,0.0
-0.7550641958905747,0.3296193768916486,-0.7106923783887455,0.0
-0.8091088747915651,0.4317772544603432,-0.6800773880360824,0.0
-0.8349341578872768,0.3001942916377802,-0.6528863685494675,0.0
-0.7801829147450995,0.0723861278623403,-0.7887909472729686,0.0
-0.7897806262337321,0.1345489924461897,-0.8243598387873583,0.0
-0.8427545850599,0.1843839900120367,-0.7282342593915032,0.0
-0.888385025242313,0.0625866762013413,-0.7861414336408629,0.0
-0.8102378719734303,0.1547088220729239,-0.7294945029840123,0.0
-0.8240701483418167,0.0325371065085678,-0.8955899475419533,0.0
-1.0016449741486593,-0.0530919663150642,-0.8918981946949984,0.0
-0.8119083796017623,-0.0066941832316421,-0.8423497418843754,0.0
-0.9626429668554416,-0.1212013198665404,-0.7950560933546215,0.0
-0.8811998902250446,-0.1302150635194202,-0.8860837022389669,0.0
-0.9544946235334484,-0.1288479305376936,-0.8169333914895165,0.0
-0.9367722082974046,-0.2282436271878251,-0.8336226575074942,0.0
-1.0183140715640162,-0.1629910537780221,-0.828748457628078,0.0
-0.9013597387943306,-0.3132544269229461,-0.9640682733679278,0.0
-0.9343308576883848,-0.298674772459309,-0.8853648886526444,0.0
-0.924640824748721,-0.2966533816937522,-0.7981900904892351,0.0
-0.965428038017222,-0.3019214773053063,-0.828899477314923,0.0
-1.0091131866911194,-0.3815148700103983,-0.8873850373164293,0.0
-0.9778298482439112,-0.4599224528852521,-0.8544695229516446,0.0
-0.967540567309366,-0.4402312574313103,-0.8673222968871853,0.0
-0.9671380379119864,-0.5229564608125209,-0.8084115132087992,0.0
-0.9793126686833502,-0.6429167055378032,-0.884256720108802,0.0
-0.9566748601605238,-0.5416592419154811,-0.8543638459908613,0.0
-1.028189057014795,-0.6529910791029025,-0.8415101813166275,0.0
-1.0104284784219828,-0.6650953366512812,-0.8810132886195037,0.0
-1.0566953509124142,-0.8124661140961507,-0.8627965170636153,0.0
-1.04965643072941,-0.7726800670807712,-0.905232575614858,0.0
-1.0053911725020763,-0.7532162747654755,-1.0057794380088096,0.0
-1.028625895824456,-0.8425240806811921,-0.8370965823800118,0.0
-0.8629482152643484,-0.709997652318423,-0.9232687264153232,0.0
-0.9853702973093262,-0.7247222714268804,-0.9255286096743274,0.0
-0.973378812697346,-0.8606716136826225,-0.9330768887719524,0.0
-1.0441163275617915,-0.9196242997117304,-1.000974307247216,0.0
-1.0174429263857565,-0.812317136527914,-0.9244320869029866,0.0
-0.9555592348288982,-0.91939549514843,-1.0345957379846324,0.0
-0.996604620884465,-0.8924934234749174,-0.8854676494077142,0.0
-0.9795615092843832,-0.9631204944398086,-0.9548699531820892,0.0
-1.0132025179925974,-0.996371739820691,-0.9565576244153824,0.0
-0.9590914082439806,-0.9114195290088944,-0.9359184048341832,0.0
-0.9741733374079616,-0.9554356218388118,-0.9592230043848454,0.0
-1.049468360426001,-0.99263836679311,-0.8932030450205715,0.0
-0.9659638345895812,-1.05649030742664,-1.0548348473510172,0.0
-0.99139362406252,-0.9531603381947832,-0.9642943983682732,0.0
-0.979467941719254,-0.937454096686302,-0.98518909753249,0.0
-0.9406323121950196,-0.9500877283454008,-0.972785730253812,0.0
-0.9813687101459994,-0.992984563630955,-1.0063654700485611,0.0
-0.9972960740409216,-0.9113868760808976,-1.055742862241946,0.0
-0.9711696486377408,-0.9347902732020976,-1.0145147491315978,0.0
-0.8936546202806857,-0.986360224093536,-0.9634565978210584,0.0
-0.9140828223572784,-1.0120862386209568,-0.9748185026499526,0.0
-0.8914665555487147,-0.9242556561393068,-0.9260095030688392,0.0
-0.85780605926937,-1.0437562599777994,-0.938035304614544,0.0
-0.9714124404666644,-0.950937943733258,-0.9862196574532204,0.0
-0.8864082286499477,-0.9398719830679472,-1.042723125193934,0.0
-0.9178733726608584,-1.0155608686799764,-1.0073695614638165,0.0
-0.8784707385693071,-0.926266842633609,-0.9220297680960364,0.0
-0.8094703526416214,-0.962799831574965,-0.9597564780777256,0.0
-0.8365747659836736,-0.896844118320671,-0.9908939638134626,0.0
-0.7822665391037206,-0.7171663826031158,-0.9036497563729392,0.0
-0.9423551102134812,-0.8154729092354736,-0.918709555747625,0.0
-0.8071401972588644,-0.8041011691774083,-1.0033327730763129,0.0
-0.8541388243333596,-0.7353853077898636,-1.0955106993295676,0.0
-0.888346112890439,-0.8752324331195996,-0.9178329164559867,0.0
-0.780502567353853,-0.6990912585280066,-0.9527245361635296,0.0
-0.6825103684074162,-0.7365156318306364,-0.9855847480831872,0.0
-0.8354578683678364,-0.6954686396188382,-1.0301924515575749,0.0
-0.8232292130810385,-0.6714895210913028,-0.9975882430603464,0.0
-0.7181903867738595,-0.5728020421052777,-0.9815357332662016,0.0
-0.7023428983347308,-0.6038819262814654,-1.0186533341731787,0.0
-0.7165323262993191,-0.5635302591576052,-1.0207006474252818,0.0
-0.6769135393929655,-0.5534372228137884,-1.0509236975549352,0.0
-0.755551885098075,-0.5195322293536132,-0.9866594532936168,0.0
-0.7035372751144966,-0.5176133559813464,-1.0578322396041815,0.0
-0.7172065227653898,-0.5267890398643296,-1.0133059765788477,0.0
-0.6130160061469815,-0.4581428106817766,-0.9918077200816112,0.0
-0.6041818354923352,-0.3405835716083215,-1.0555425260142677,0.0
-0.6337542340424481,-0.3011739457749487,-0.9332269808717688,0.0
-0.57665377452155,-0.3714841246142903,-0.9646210392891252,0.0
-0.5855387697002739,-0.226167375793965,-0.9856216109389038,0.0
-0.5805688652107012,-0.2132228216836134,-0.9641270545605825,0.0
-0.4840969123590005,-0.1458999137246892,-0.9301827134269725,0.0
-0.5078425625386004,-0.1482987877070583,-0.9189452797610111,0.0
-0.5353568972077914,-0.0816181176564692,-0.9030520779097088,0.0
-0.5357647770532007,-0.0530392217292839,-0.9419290217768386,0.0
-0.3968506459750545,0.02500957738983,-1.0531852202432228,0.0
-0.5323800405894569,-0.0032201693840716,-0.9933642143362924,0.0
-0.4290701997358422,0.1025856506462597,-1.065507716325805,0.0
-0.5041198875578772,0.0764464479214879,-1.0733777692190447,0.0
-0.4893398180749905,0.1484934958961476,-0.955666230034232,0.0
-0.5190983254599137,0.3203028889626286,-0.9125771551497802,0.0
-0.3733622828303568,0.1847607281232765,-1.0063134101995126,0.0
-0.3418581908046214,0.1662600620073343,-0.9759980010615196,0.0
-0.3229585500759548,0.319998396854145,-0.9863385652216152,0.0
-0.3206580443565565,0.2915421019735672,-0.9883632328297738,0.0
-0.3072195309000103,0.4119066977645674,-0.9351328653340752,0.0
-0.322534148322436,0.4205097859624173,-0.9524117722116276,0.0
-0.2465115682819904,0.3871715742110449,-0.8527528809351419,0.0
-0.2900455028931553,0.3751001499496216,-0.9860335574609131,0.0
-0.2047583275742606,0.4197412597716769,-0.8308473674177518,0.0
-0.2874299439582943,0.5877079170939784,-0.976646065724906,0.0
-0.2024563729092103,0.7182155603884413,-0.9873202202076212,0.0
-0.179708849133769,0.560215863886118,-0.9644006247629552,0.0
-0.0837453621905609,0.6265148595660661,-0.8301200490769735,0.0
-0.1007504625564576,0.7921328516967275,-0.9353851080711229,0.0
-0.1360951027080502,0.5993362409024575,-0.8740647546644142,0.0
-0.1159443453857584,0.8447079977043732,-1.0158824982227903,0.0
-0.0928470762958941,0.8626514350249637,-0.8769984594118115,0.0
-0.005021492176654,0.8148934694518295,-0.8767403421097629,0.0
-0.0535086309531092,0.8249524187729699,-0.8947173822825208,0.0
0.0460367432269227,0.8730998757140651,-0.918241963744972,0.0
-0.0569354895746333,0.9072956787093308,-0.9185010559581324,0.0
0.1246252745853706,0.8767700820200744,-0.8348940970715832,0.0
0.0428838462765697,0.9174304088058346,-0.8670421204093971,0.0
0.1241495226564001,0.917093653644454,-0.9161680751470168,0.0
0.0555325975353134,0.9344547290590616,-0.9916244755252308,0.0
0.0318876615221735,0.9496567782953989,-0.942292588612125,0.0
0.1863696126663189,1.0296776742316052,-0.8157076141030866,0.0
0.1613351296022027,0.9781037739692904,-0.8489962808664483,0.0
0.1534215734634226,0.9806884021252288,-0.7683548617432647,0.0
0.1959445089795378,0.9429794715936428,-0.8195334707515087,0.0
0.2414120875503905,0.9226575100677384,-0.8242244687652516,0.0
0.1699232415936702,1.030953824269657,-0.8817353869163391,0.0
0.2603202167405511,0.9295818879283992,-0.8077861409919089,0.0
0.2353965674470615,0.9623801962952716,-0.8062430806732984,0.0
0.2148754472462894,0.9636585724946232,-0.805884541933644,0.0
0.3245016483261049,1.0040117833753663,-0.8118613843464337,0.0
0.2559966358903632,0.9484050669186468,-0.8030661060682905,0.0
0.3120764226760522,0.9939348237408095,-0.776248161908168,0.0
0.2743886121740332,1.0152448741960642,-0.80570174211835,0.0
0.4109247094393923,1.025433260597865,-0.8541871984298569,0.0
0.3605353164275949,0.9649386951385164,-0.905871688541274,0.0
0.3969704649063393,1.0358130132008716,-0.8086069360692004,0.0
0.4836692209602302,0.969784012103948,-0.8220529845723717,0.0
0.4124008236573122,1.095567355246198,-0.8620980079509935,0.0
0.5032388823249062,0.9993238083409646,-0.7526413129811146,0.0
0.4947875628226773,0.9548917380774004,-0.6572303589029527,0.0
0.3954402686527555,0.930274972239544,-0.803416995676816,0.0
0.4817314941103295,0.8335496316897557,-0.7598284983109941,0.0
0.5270284548997836,0.887207529710878,-0.814494896608444,0.0
0.4782162788915515,0.7220697189244187,-0.8140046707429109,0.0
0.5695644284457683,0.8593378597722783,-0.8021097924305554,0.0
0.6392410088750907,0.8094881771326123,-0.661607201209226,0.0
0.5890357184453058,0.7151360860075968,-0.7057140303579059,0.0
0.6035094343046306,0.7962802158487066,-0.6888348077106896,0.0
0.7292316768517402,0.6623246062292555,-0.7353226626577697,0.0
0.6691336006896025,0.6735554001838945,-0.7530043207685926,0.0
0.6029509213086937,0.6595404616729886,-0.7283368060234373,0.0
0.7844848143167406,0.6133704046745824,-0.6815035054412787,0.0
0.7737992953766751,0.516764308621008,-0.7871838175091855,0.0
0.7403361784898158,0.5931280343175128,-0.6688291995273343,0.0
0.7367726913969208,0.4865926687801364,-0.6571257447955561,0.0
0.7354878625811079,0.4438337001328314,-0.6931035341563938,0.0
0.8290750074995614,0.4114909660091704,-0.6606851727042493,0.0
0.7009704227688527,0.4293448180307946,-0.5646601211269588,0.0
0.7862090275916955,0.3403124241920651,-0.6221046101207133,0.0
0.825969640716244,0.4117885971342008,-0.6526447739736951,0.0
0.7703104194045781,0.3281191413454359,-0.588052179955968,0.0
0.8221988513360496,0.2573744194573574,-0.648193564222074,0.0
0.8497656567824294,0.2727659386757184,-0.6851782636479737,0.0
0.790258906782603,0.1451320977268104,-0.5086734259635477,0.0
0.9243197400429694,0.1179990005995487,-0.5621746347676249,0.0
0.8596242083227867,0.0564803784643243,-0.5588957291938865,0.0
0.8350743317269466,0.0339990376981437,-0.6127432239009477,0.0
0.827872262995882,0.0519446809304399,-0.6280068313363476,0.0
0.8214179562825242,-0.0692610377320133,-0.5600480478043159,0.0
0.8992546721801233,-0.103236193561205,-0.5978428603404572,0.0
0.8536333295758902,-0.0638687372872861,-0.5136403495855745,0.0
