s1,s2,s3
-0.015312072089069269,0.9019075905396591,0.9084137972026692
-0.11410180780727708,0.8804423761309305,0.9293261618424424
-0.007206628870785499,0.9136478457831435,0.8971804426399141
0.018060284170948612,0.8748622639649107,0.8627517602949442
0.1631488429920145,0.8427160324335655,0.860323295845648
0.07625984494667172,0.9019102448660083,0.9269822043727156
0.05753340232991583,1.0302189919639881,0.9054087679890592
0.1444907141816667,0.9565540014204972,0.876981668169707
0.17507064520832508,0.8659328954271661,0.7666680868157195
0.13092712162576964,1.0407110978154797,0.8894455008775055
0.2264298438880662,0.9068135219836287,0.8724663753884541
0.2007765544861159,0.9381494700964623,0.7575870586158175
0.22554748778854464,0.9120772950713744,0.8819832640597335
0.29043804684944563,0.9891647076799732,0.8678801233740574
0.27861321549155804,1.0149263705947875,0.8819808477586358
0.26457267772374204,1.0167297106622621,0.8601604816164754
0.2907595780339604,0.9686389798071041,0.8103006138625684
0.24129545954462478,1.0365358619945735,0.8681779589106798
0.40154889026120294,0.9194409030263069,0.8222165054173431
0.24003983980971574,0.9899393141880702,0.8174270226914357
0.33797021137435923,1.0414982862423785,0.8530103675071236
0.4562501221475288,0.9600500268981824,0.8207219747550292
0.46025599683447893,0.9688640554833325,0.6997100404755389
0.4007388711437609,1.038768940828863,0.8821857158833721
0.39278553576793007,0.8579867010288099,0.7919777907328928
0.5243747639454392,0.9061981303623873,0.7931294051328995
0.49007799447930955,0.8775153686120523,0.7350408284002284
0.481982984325929,0.887223376008776,0.8215691256429033
0.4929550688096513,0.7878767651711545,0.7898966507121743
0.540573386072754,0.7180865346642094,0.8148552686591233
0.5096326468555293,0.8113358218125132,0.7133132735987939
0.6029835885728142,0.8170632621960795,0.7700040420451327
0.5975739434058949,0.7142196354064163,0.7206194695334688
0.6503013838073157,0.8253904927452198,0.7378969423001582
0.6144597351891473,0.7063085773746068,0.6567023295361659
0.5872184349795231,0.7583670621685886,0.6825453309989902
0.626535174635083,0.6020511761541977,0.645153742380432
0.6666410719206778,0.6450777372075952,0.7179488675300234
0.7321117467475546,0.6682145474908879,0.7730327824853136
0.7579610609053512,0.5644056253443638,0.7005497957589986
0.6908790489691851,0.496089991894341,0.6626319853858702
0.7301080746708312,0.4679971983039279,0.6443952945926775
0.7608721009174386,0.47534742095616567,0.6982968206994475
0.6672418431206018,0.43532585112424027,0.6624336112337806
0.7936395091013154,0.3741110556407913,0.5830172513317031
0.7440521239104086,0.2510720739948137,0.6263909589600247
0.8080888646419871,0.2949025641167234,0.6044525909416576
0.8956065928041048,0.2037962768256339,0.6635464546569947
0.7777908097286007,0.18311408611057003,0.6193581683012122
0.8450362156746842,0.2018624596522744,0.595561919342674
0.8212871925725056,0.10966107073354417,0.5101466779700329
0.9023859910244636,0.024830811329321134,0.7165760455491088
0.8833692754615773,0.08821454264684642,0.5308899351977844
0.8569396088727544,-0.0036856553430493627,0.6316567029191239
0.7322892120679192,0.0481165727187044,0.5363110739394409
0.9057892975309293,-0.016682062144146866,0.5211090741451592
0.9121252553564693,-0.115958687630909,0.5110430302351741
0.8856958002462032,-0.11899551741997884,0.5464851193734207
0.9465320385427707,-0.16507986891251997,0.45498168969217523
0.9082565450214113,-0.27465501744264864,0.5274688556151167
0.8728429863470717,-0.30088561481144965,0.5218345637641394
0.9019384901300868,-0.3813908424180197,0.48083388430137386
0.9325408746238406,-0.3461311847732094,0.566822093429415
0.9979153164823623,-0.3751417883661433,0.43722917393418914
0.9738036845528011,-0.37211372520376995,0.4857647201153879
0.9185286056727996,-0.45622500495472285,0.43605094514500475
0.9605691087793133,-0.4194026673789448,0.4341941729811556
0.9248406270934189,-0.5425247092135052,0.46564225126967235
0.9767209426035535,-0.5674024776107673,0.4794167308062947
0.9812490111505944,-0.6230873557964931,0.43230509373657744
1.0433816380790961,-0.5295161824185345,0.507609711967911
1.0362362684541344,-0.6354653989448323,0.3142126340426185
1.028861330085225,-0.6813244014897993,0.46218788348589496
0.9899334085510547,-0.7471975725414012,0.4519065443755561
0.9962045166504281,-0.6650926011923068,0.49350924561194487
1.0203000185885525,-0.7712629963636912,0.4115489606566891
1.055432571328235,-0.812368408540453,0.3411647998648408
0.9473577097494246,-0.8400820154152727,0.334639341282562
0.9681993036855376,-0.7392169221884987,0.3838480373819402
0.9428529973902144,-0.8461973972170674,0.3047903388585015
1.0471397936886804,-0.8629371530607401,0.40483515022519595
1.0841977595558516,-0.8516013404676673,0.4190550250782942
1.039253229374066,-0.8857248208191337,0.27979083583442566
1.106508616148506,-0.8606299785254728,0.28680972147126294
0.9543141888517759,-0.9641852226116019,0.3184623743137233
0.9736796575422981,-0.8481759055057971,0.2635955929882739
0.9496894281914307,-0.964850506577864,0.2511314148136528
0.9573769779859774,-0.9169754782047113,0.2980872175146824
1.0223714657958412,-0.9547579487087269,0.23725440968944558
0.9278045822675385,-1.0138907714111915,0.29353583752808887
1.008307995577733,-0.9574055846376648,0.339916005299496
0.9415249882921544,-0.9616608905375796,0.23690004277560622
0.9472267220254581,-1.0208301130884474,0.16597703701760924
1.0511773427142923,-1.059626618216188,0.1797521765974185
0.9251271865499536,-1.0623424048302685,0.2201603554695824
1.0488199652110726,-0.9687823455877939,0.1420474577913097
0.9814224943534042,-0.9467928892064775,0.23335236029117265
0.8951670746912594,-1.0078797557456398,0.13655235229904095
0.9452529215082185,-0.9666174619017162,0.17250620226654248
0.8855378482308087,-0.9513684629503825,0.0895090000949054
0.8691985041908732,-0.9171578508697462,0.22694327461940486
0.9358629900180568,-0.9171180363374215,0.13454105866453325
0.8753467530179163,-0.9169654380128223,0.17616653006755761
0.8675882149693387,-0.7998327596233905,0.08318746190206314
0.8380784933225848,-0.8433315237020005,0.03623186372147942
0.8075495272801132,-0.895717291888171,0.09538229192587148
0.8849530928715209,-0.9189949732591037,0.1002745941995539
0.7934458750852595,-0.7965668435928865,0.12505617607659023
0.7674823379098472,-0.8557677738480994,0.05268641246638681
0.8372794824909348,-0.8351992515506057,0.09035150044048221
0.7443680900134354,-0.6842472543797468,0.0447614574283393
0.7808217839321588,-0.8860898209642071,0.11055113372493813
0.7276807801121601,-0.6701939030711713,0.05543737782050729
0.7530310900609234,-0.6979297927030114,-0.007734920915916533
0.7240771658611664,-0.6560506899245555,0.023744828312992527
0.6913816458222114,-0.6691098797765624,0.010486241391758041
0.7337621006746438,-0.608799586993626,-0.14914636340842302
0.7040894017978301,-0.5003548127433881,0.040234145940863594
0.6850879845494886,-0.5911474758644164,-0.010125835932706863
0.6270230791174913,-0.47691090083248544,-0.01747076852471622
0.5943878431480115,-0.43990759369928856,-0.08716110887700644
0.6124942334003715,-0.4112297547967557,-0.08664381298165261
0.6619681930830489,-0.42781687198009827,-0.18162125167350102
0.6490006986582421,-0.4044254138872194,-0.08775005936238803
0.6677876131053062,-0.26325215926487777,-0.11684756401023474
0.6071268879564036,-0.23552440649599993,-0.13432944825020351
0.48018392183619335,-0.22329671844368779,-0.14449616125885892
0.48886219397831815,-0.18705733073509154,-0.18731116057912084
0.6132530287935788,-0.15790521011980943,-0.10701476975392901
0.5386979967192871,-0.11164288630019391,-0.0671702556050129
0.5112357004760727,-0.12648882594326247,-0.13221406317401949
0.4616075111519535,-0.025686332996275724,-0.14540094483415772
0.4102837806580504,-0.048624593168343784,-0.12789014688015599
0.4548816975084762,-0.08399975510604485,-0.1317857608089642
0.37551253840996884,0.05072822056308755,-0.31810237855729484
0.4592077086237031,0.1121133592584474,-0.17701732429875602
0.5187273187038592,0.12296263080301764,-0.1506441319319009
0.36803026513133597,0.18303501434201466,-0.22558219122606854
0.42534680778417205,0.1177948753750869,-0.2091579521834262
0.3017631104042415,0.34546320758956794,-0.19008395387224394
0.3645102593384564,0.3063727046665737,-0.20541379612759558
0.3470626014345824,0.25970991459862897,-0.318665661138135
0.3628167474643837,0.3175211394842312,-0.3045879361146689
0.19985293099782814,0.39067909907239584,-0.3544373315791557
0.237624173343376,0.4875585424126824,-0.3230829826758334
0.29543836225605613,0.4625559941693216,-0.23148950089875203
0.273903610801714,0.47464886608204343,-0.24921790407554645
0.1822227230377905,0.6180196947235055,-0.36944223077750876
0.0849330157466788,0.5496304580103998,-0.32769131266866486
0.20271957666992418,0.6308748658835363,-0.2163500898736912
0.10810204093644873,0.5914226135709334,-0.3773062384218262
0.11651944679717832,0.5865516052420947,-0.26991052812685035
0.032393956901028545,0.6439885000747342,-0.24516731649858697
0.1134241692181599,0.6878921024813843,-0.3096805341573898
-0.019563020453436476,0.6390938734023274,-0.44787834437965907
0.035144271720228826,0.8546661920992022,-0.32208123972459246
0.05836461569308593,0.833534431200609,-0.43738453594085414
0.07710947995064257,0.808211097573867,-0.3845018928603314
-0.03996154577340446,0.8031628545232928,-0.43073560170392217
0.00907199965937204,0.9315431866506683,-0.44849591942290157
-0.1151631709705615,0.9640110599865424,-0.514777100861654
-0.09149451510735677,0.8643853872961291,-0.555938401242077
-0.1006492997201402,0.994357026710595,-0.4733788579274507
-0.0666413684835151,0.8594328497371378,-0.553146296263114
-0.10287729025445794,0.979112611937809,-0.42357020974438236
-0.1732359007005401,1.038749873012851,-0.5643761035553363
-0.1338400584644687,0.9651545415922406,-0.36122542777728467
-0.14855507880571123,1.052032999252399,-0.5458111599941113
-0.15823367786665138,0.9848685775878461,-0.5967944350377581
-0.1847062862980662,1.0226419184862392,-0.4473439125347785
-0.24399274259913742,0.9694980583923302,-0.574715436358403
-0.2620435002706568,1.004443479132109,-0.5792875544286661
-0.3606043480468707,0.887267841940329,-0.5429010505709295
-0.3541108630336019,1.022642573858905,-0.47195125431933216
-0.37072571282822087,1.0070262371759688,-0.5615268645253034
-0.39254623004336536,1.0055065354362955,-0.5764537786400994
-0.41931182889082114,0.9434302562510517,-0.585822296876424
-0.3707742405096929,0.9489455468988767,-0.5935693638887892
-0.3630713922842595,0.9771234949812317,-0.6766518246895611
-0.3428104640929138,0.9446147484684415,-0.6472390201652592
-0.3852932802844149,1.0384587048976595,-0.6016532583763559
-0.49779546420688026,0.9129885363448929,-0.587799841897854
-0.5035722522676616,1.0016827313205618,-0.6507106318791493
-0.5514407454853107,0.8965709317554528,-0.586067386519983
-0.43362013187385184,0.8947715647555453,-0.6258338158404722
-0.5054456115040349,0.899560720070894,-0.6786333989541472
-0.5334463828928457,0.8382292765589399,-0.6817860374369336
-0.5346972487055625,0.7066014852732001,-0.6518439481608386
-0.6786444425690898,0.843727080932934,-0.625714167076061
-0.6113674432469461,0.7930958036221153,-0.6017940288318427
-0.5702895511017239,0.7130389713609965,-0.6186423302583757
-0.6892951136708879,0.7880876973763222,-0.7386988116420875
-0.6305925725688603,0.6839944791085993,-0.7286711063451743
-0.6398326189708741,0.729334273804231,-0.7076178260236872
-0.6940882703009064,0.5940786271706374,-0.6862631798504135
-0.6499192818567179,0.624975898340001,-0.7557267815778037
-0.6180465629462079,0.5121247669902095,-0.7103948566216441
-0.8628397852368246,0.5487241467878027,-0.721109732835188
-0.7250167629012702,0.4929974658345463,-0.7474883727001678
-0.7876206201922943,0.4265004574880636,-0.6870589211087221
-0.7484930425972034,0.3788104434091007,-0.7330664110631813
-0.7465200883989365,0.3586683359340253,-0.7034519783327707
-0.7030792744422956,0.3778670487262292,-0.8100530957242974
-0.693113730128275,0.25257746339831033,-0.7417788326892384
-0.8929257579371125,0.2823744757171044,-0.7457949176890695
-0.7987954530833632,0.2493185656123808,-0.8593145720285968
-0.7312317650771416,0.16904619797816858,-0.8800890876111336
-0.857997337990386,0.14109743347181022,-0.7761500251803952
-0.8693945979009676,0.030658409869371253,-0.8215518210610557
-0.8312757809321214,-0.01076105032782132,-0.86222990391856
-0.8510261155575614,0.0517192035813325,-0.8624457339386693
-0.9604994927271586,-0.04197884288227657,-0.8700870644157451
-0.9773915037491567,-0.044126531494472314,-0.8833844139534658
-0.940268396512101,-0.08868455972125731,-0.8749652432567008
-0.8145929952651993,-0.16008215227414246,-1.0090405706899417
-0.9361804253371553,-0.31404003056089275,-0.8518921031083868
-0.9380416543371425,-0.13667953257105808,-0.8620905591036064
-1.0102970821346913,-0.19673823332376697,-0.7872333728038324
-1.0204100043670568,-0.3168814236128738,-0.8864414184322437
-0.9728652832598692,-0.2323254097251508,-0.9435837730792849
-1.0293499509222739,-0.3738144688701365,-0.9072600833595758
-0.9123441676117017,-0.39636761673926113,-0.8686518790034948
-0.9693987205947838,-0.441632236621968,-0.8798131279072301
-0.9758584966955096,-0.4621904570074172,-0.8628335304184901
-0.9637797441042174,-0.592960347933102,-0.8929445580591915
-1.0235643471523095,-0.5734448850861849,-0.8899685552720026
-1.0380733203330204,-0.5855441690886231,-0.9025753173788758
-1.0360194073416025,-0.5500522248957003,-0.8951306619810714
-1.0207587380446426,-0.6552012051120937,-0.9089034027565733
-1.0055822344990963,-0.7097988674702151,-0.9086439598860128
-1.0686124917952082,-0.6645195029538542,-0.877441376992599
-0.9654259864915384,-0.7547319435415163,-0.8471269566800258
-0.9263022611948325,-0.73589943316485,-0.9654091055257628
-0.9624407177443534,-0.7844063860448601,-1.01423292418088
-0.9965527278954744,-0.7666724726869668,-0.9407035820822325
-0.9407747298259872,-0.8826939315777421,-0.9389447301018369
-1.0446168011594468,-0.9397775628828646,-0.9734532217132266
-0.9833335737473232,-0.8624266392731625,-0.913655764985338
-1.1175138697023366,-0.842876841127492,-0.9376963353803389
-1.0315642342211058,-0.9338168228944768,-0.9296509672021928
-1.0428404834307836,-0.8867408836459905,-0.9314959021263634
-0.9965011203611571,-0.9269050222856571,-0.9969212147120681
-1.0208889680443736,-0.9360141225459325,-0.9788640955328152
-0.9718738483904591,-0.9535314573827113,-0.9359774244142395
-1.0056606163296593,-1.0479225815665982,-0.982457335933504
-0.9266010287093815,-1.0464044964877952,-0.8967638891037039
-0.9858418308235503,-1.021548762777953,-0.9259788911643005
-0.868327912332338,-0.8749762657316837,-1.0191740311276163
-0.9683674857511096,-0.9687153029479438,-1.0737713425568018
-0.9706966582973344,-1.0206648362503932,-0.9513454217317153
-0.93297497461643,-1.0150234200906363,-0.9237599071353843
-0.9453454345760351,-0.9497970739732736,-0.998340449933443
-0.9680119649290507,-0.9977033471233793,-1.0952898319266313
-0.9185740189701102,-0.9884880683964461,-1.0295883113895585
-1.0041061799755733,-0.9888198549262218,-0.9751686050295305
-1.0861852168891428,-1.02484801318617,-1.0075114614943008
-0.9774101295384209,-0.9874992719608474,-0.8869594477222252
-0.9682192705079513,-0.957271856190382,-0.9662073183459814
-0.9041448290086401,-0.9559936724993944,-0.9059955376419241
-0.9888141740814343,-0.9880894021205503,-1.0100516249008
-0.9083139416623236,-0.8762042422368203,-1.0360763098639734
-0.8613544952689212,-0.9646149329910856,-1.044145601790791
-0.8406808434573781,-0.8251689246288073,-0.9924931115421918
-0.8696041603448866,-0.8431548279531574,-0.9154331009883014
-0.8771909394193695,-0.8129240023048967,-1.0114135868914271
-0.9019856837409045,-0.7709103629203026,-1.0519174061796766
-0.776832746601111,-0.7074620156640188,-0.9132415155584671
-0.8565724614846039,-0.788298461060217,-0.9416975613172266
-0.8222410251630223,-0.7630628692424694,-1.0065829885563524
-0.8739677977444753,-0.7410920556699105,-1.018852372883826
-0.7539110645696043,-0.7046690750441434,-0.912721429244932
-0.7588800671918698,-0.6783055929920124,-1.0791214267877411
-0.7497037048194201,-0.57893805135667,-0.9654283692108285
-0.6809812109659144,-0.5787993437933884,-0.9839861519849924
-0.7349652049457825,-0.5900208869023813,-0.9680539187304443
-0.5893481269098686,-0.5781957013368189,-1.0614744530815132
-0.7501388378382507,-0.620294289724589,-1.034259467808352
-0.7419357936563384,-0.5428003693487786,-1.054160918383658
-0.695142055352234,-0.4038791911420055,-1.0423319434545333
-0.6703622068271161,-0.4375916169961113,-1.0221773873691729
-0.6793194372913827,-0.44345945908593576,-1.15849159551136
-0.6800132157145332,-0.28178034794061524,-0.9772402799062725
-0.7307524947146241,-0.316232886783961,-1.0032962464511712
-0.6122220430550488,-0.303626620229071,-0.997744073239663
-0.5647940828966447,-0.20595355019858014,-1.0455859359017634
-0.43736744535994954,-0.1558781583873068,-0.9967973277522795
-0.5349678137680803,-0.18874131682104106,-1.0070888339157857
-0.44164661725796095,-0.058416633780214874,-1.048460856232156
-0.5057296650704816,-0.07717857213408888,-1.1030203481937786
-0.4601841390396829,-0.011188184136536841,-0.9554379356848511
-0.4547767504401579,0.12903416292627745,-0.9791563588629013
-0.45848651487175096,0.12915399096330327,-0.9813605737152803
-0.3761109039973439,0.058755349487614426,-0.9121102927636575
-0.4310313601651051,0.16692655732785205,-0.9436991037799822
-0.4653022257210256,0.22646266769492285,-0.956402846760139
-0.42222366472230494,0.25596312830162254,-1.0053089419972199
-0.2955772809545081,0.2672532977128277,-0.9834786271077001
-0.34254431295108273,0.3743061131397257,-1.020936698337362
-0.326297115388132,0.3082751818160004,-1.029365124243175
-0.316200523188344,0.4387711481705745,-0.9682616523931437
-0.2712456387239771,0.4646205753055381,-0.9009110838470699
-0.1771137655239885,0.4139039763951139,-0.9942862231882925
-0.36488917440630375,0.39351988722867554,-0.983662873299243
-0.2912368863313948,0.5517542032565214,-0.9224558758323019
-0.2641323639402454,0.4955016240611391,-0.9196231444960878
-0.21503655590528087,0.5204009680726603,-0.9925692424244833
-0.1145556296756578,0.5508941397024821,-0.8377920173325096
-0.0883654301909867,0.6436595073888196,-0.9076055114376301
-0.09130318798858769,0.6855122115410357,-0.9967941479611802
-0.14320508946228372,0.7236031714711497,-0.9817828067134473
-0.047844709203650755,0.7982826407205077,-0.8340944476526753
-0.035562918676813396,0.7105222495028884,-0.9084750586798401
-0.02615320961575023,0.8478644560696584,-0.9353052994744124
-0.06616306015100157,0.8198253263607939,-0.9743642327806773
0.03360526841011062,0.9255146522360455,-1.0064108212986738
-0.03025358949723321,0.8467595032665376,-0.8935917281533126
0.09080103428778151,0.9177612192893522,-0.8647534019272506
0.07398463370671249,0.9551862394154554,-0.9342809265993027
0.07877990772720407,0.9157983231714406,-0.9072548185828109
0.03285012535465362,0.9892340015746389,-0.797483644428185
0.13959456927782057,0.9233636654062157,-0.8380036591369452
0.17388536567099755,1.019241292335321,-0.906196483672643
0.17488999318474355,0.8566179982123283,-0.8272062167226331
0.10060870495349253,0.9773681721579496,-0.806350026108652
0.14806461581790942,0.9848820658480261,-0.9552569253857545
0.2957065770054132,1.0131340724301818,-0.8527567508629434
0.17715355270347663,0.9090133082536745,-0.8002184816487184
0.26827053816329743,1.091954234846704,-0.9147844946317802
0.3120205875701133,1.026764903305562,-0.8941239190119912
0.2909501557154829,0.8846916951776316,-0.8742537483786986
0.30646745213733906,1.052741324159673,-0.8729473273510605
0.2684571673895186,1.058256743665213,-0.7534255848252651
0.34215848135684557,1.1483183316519738,-0.7767436106918729
0.39330647151828463,0.9919053268549027,-0.8707836088647757
0.46470871051175583,1.1040388492580089,-0.8338747033188124
0.45264804097074457,1.0245287381585853,-0.8407908716373231
0.4083383845958325,0.9707838916180045,-0.7841209240959524
0.3786868007540197,1.013343458813214,-0.8117380008584898
0.5135464439157357,0.9203683537375903,-0.7270559953991722
0.4610685597143528,0.8775597135914012,-0.7860089979153188
0.5104635851676382,0.8944174044314674,-0.8290187818005869
0.5341656004224289,0.8627135182543729,-0.8012338820357946
0.5364850037145202,0.8342852863460631,-0.7685179622151155
0.5776650575992066,0.84186757167732,-0.8280761721304984
0.6188837105892054,0.7077978266521017,-0.7984918943664848
0.6118453069872307,0.8502734387765466,-0.8078396913994355
0.5926584971346369,0.7562599598869008,-0.9078538117481008
0.6628353074185692,0.7824066393052197,-0.7610333020552731
0.5327514170547494,0.7514370779722416,-0.6266065357611137
0.6273045416076266,0.6751733814761324,-0.6833631070202552
0.6489017842153841,0.6197288749883733,-0.6887132360520216
0.6974476958126892,0.654846611154118,-0.7434295230821268
0.6617524962261241,0.6564261783419136,-0.7068668561479524
0.7190816202872585,0.5051723004627757,-0.670959724881842
0.7262641988446656,0.5011753851059171,-0.6706709369132555
0.7192951282929442,0.4883072199586888,-0.5707303731670961
0.7026952425212406,0.4872963280769503,-0.6809446172260356
0.7920283446187234,0.31989794049927545,-0.7175911610195724
0.701380367591486,0.366339705032287,-0.6805672451894308
0.7971439467706144,0.33331091618232445,-0.5879310587385737
0.813789484261521,0.33455256435772096,-0.6506143714236428
0.7881852484079478,0.25510121553879517,-0.6094765884642552
0.8424899581291301,0.18263173046528908,-0.5392960101205253
0.7193535883694981,0.23735622948852855,-0.6614094604356179
0.7998077839423796,0.11223820753247218,-0.6319414263578715
0.8492073880094058,0.10307989588865939,-0.6991515057487808
0.8998686708675905,0.0857966816564727,-0.6278457994045151
0.8807791774257012,-0.07111054363327993,-0.5649580174787752
0.9103628671917765,-0.020541950175010718,-0.6127641835093196
0.9422192662797019,-0.018070813897839454,-0.5020177483934319
0.8946940445588064,-0.025832125548593293,-0.5291240592634042
0.8787244390252658,-0.15488655327456982,-0.5093579403461475
0.8439929057302986,-0.20141699731918505,-0.5284058316465995
0.8511026222066768,-0.1816836558837197,-0.5232841638217572
0.9930199934782437,-0.21745208243359138,-0.4471743581584711
0.956969800417302,-0.33106565508018826,-0.44705952092414336
0.9408816614850688,-0.36144841187911375,-0.5121416849077005
0.9351859395726082,-0.3844892877646691,-0.4628416954911279
1.0041983821996259,-0.3941766773044582,-0.4551789417082306
1.0249140787484174,-0.48697179322898665,-0.530574863444735
0.9333077501342157,-0.37934166970566296,-0.4481158778904294
0.9969225336437659,-0.6011876804593342,-0.34925902988185054
0.9618815247275997,-0.5780890741172189,-0.4243578590536621
1.1085067185981812,-0.5739338268586647,-0.48253707594844847
1.09203941137314,-0.611597543800696,-0.48242538021131554
0.8847234751632443,-0.6639650204231289,-0.41934647712687767
0.9464062817320845,-0.5670978637085071,-0.3854506765786798
0.9421060508260661,-0.7723522170891332,-0.353854353471895
0.8851667006198661,-0.7549551363567055,-0.3929468719756278
1.015635204336516,-0.7530605192941913,-0.3879384765616661
1.0436931461011463,-0.8173906997884857,-0.39692810035608933
1.0123169961412442,-0.7884930202837183,-0.36188890485140085
1.0270904723424121,-0.817918105388501,-0.2900531940053646
0.9592674167682036,-0.8295661206410424,-0.40966395011169976
0.9785964582630713,-0.8689170301802827,-0.34859572311554865
0.9668407308222796,-0.899323965709048,-0.38514997370978704
0.9593706266069949,-0.8206893816956994,-0.3447384364599403
1.040534656596925,-0.9462265648524186,-0.2083707119160669
0.963570563380927,-0.9358213331567242,-0.349276051017617
0.9374194451654053,-0.96334643490829,-0.29602633880562174
1.0083210978189558,-0.9559807402257424,-0.36010894924466613
1.0752213125811914,-0.9760022768840954,-0.294830140511142
0.9035924860701042,-0.9619899938204701,-0.22882160948864727
1.0090624076460875,-0.9946911790041906,-0.2738399810903316
0.9002853671080666,-1.062188293613062,-0.15790990595364762
0.9411002987883762,-0.9663289852757284,-0.28971103913029095
0.9805043412018597,-1.0018327513104204,-0.30070524140126986
0.9922963533276432,-0.9767188868255705,-0.1709318519836857
0.9152835537164157,-0.995669231175954,-0.24635875504150237
0.9868297502722688,-1.0644014143079683,-0.1631112639247665
0.9089500788606123,-0.8934966437948058,-0.16758402451884685
0.9358450611505407,-0.987936905847619,-0.13254357286307175
0.9030878344525344,-0.8495843912080365,-0.1259088237548442
0.9483388607508989,-1.0004050797323902,-0.23148309566547817
0.9484122419667168,-0.9990805895267277,-0.16807191095542962
0.9174349907214913,-1.0433354866572722,-0.11187829519869817
0.8937151697794089,-0.9682127215620968,-0.15700386516690626
0.8883757133703719,-0.9273591160129636,-0.08559311539872352
0.9690259672615554,-0.941329780668889,-0.08744003149913625
0.967010055148648,-0.8549700977151731,-0.08292658116086382
0.8244932293188333,-0.917090850201671,-0.17110082400763565
0.8824265110862533,-0.9034740819843836,-0.10032002929487414
0.7925053939085505,-0.8331240478926037,-0.067274839319875
0.8293777360206032,-0.7932994437918827,0.08522048421821693
0.7358735127636781,-0.8037394639397787,-0.026927258457325708
0.7342858944313532,-0.7905770953336273,-0.03931150252662893
0.8131571499490258,-0.8030083068407642,-0.01818620594705741
0.7726728070510621,-0.6454867915539785,-0.023506635450190924
0.7423740871627991,-0.6893941302818569,0.058450395833722676
0.779088884339399,-0.6049196441446641,0.07483509699562045
0.7397502680195767,-0.5678134412022235,0.041562895405663415
0.7648027338542679,-0.4776086450620439,-0.0745746074411283
0.7030293252652479,-0.5408842282681042,0.06962309276858936
0.7084405676245822,-0.5437401145593123,0.08166665574913545
0.6887202920530172,-0.45849907420988434,0.08936329561049083
0.629802128155681,-0.5059664597496827,0.058065999374053816
0.5530257878763123,-0.39076514191660033,0.09002876595330411
0.6275508212340786,-0.322514175577528,0.08021378944011143
0.644875564249852,-0.30167664810120975,0.12682260589992927
0.5313112436834367,-0.36396912980434915,0.06413507964304047
0.6100529333738693,-0.17438171650866108,0.14290741271842805
0.6013166748104266,-0.17945335459418157,0.16298017712496204
0.4854643814764323,-0.21167093459015016,0.20428428949503633
0.4594230635611639,-0.1712318997328232,0.14533776460330006
0.5244183640645482,-0.01569590114248018,0.10868726862009354
0.47184881228766884,-0.1137212345968914,0.17346608178405554
0.5563168576656705,-0.07535246533232114,0.12157734573488305
0.46864501848333145,0.07447010727845953,0.195617298127034
0.38992850490010883,0.06986165310728137,0.1928623369741644
0.446837215279126,0.11763524440815218,0.28209767658306467
0.38278111730508807,0.21981797970549904,0.22728184893350273
0.38164040215007744,0.236828619226656,0.27052348216687744
0.27352759179502223,0.24327450148165064,0.21999305229399335
0.43456905655869454,0.22281227858613425,0.22268136649036285
0.3903267816141349,0.30949675510140096,0.3082147303283001
0.2643375620384928,0.33098843253161775,0.21894139226864703
0.35206603135283476,0.45310742091698125,0.23766973118901893
0.25916007430808036,0.3620149507678986,0.29684330786702834
0.2076062265350035,0.4512757370465903,0.3331155819444012
0.23942559259774626,0.5272696813626399,0.31237642254051895
0.25862986731835597,0.5319725129676975,0.2642631126130212
0.18797988824052356,0.5586179441955005,0.23742993928939504
0.15555749567446792,0.5393710358442613,0.3077581257003798
0.20720037048839374,0.5905844616706875,0.31809751883695664
0.11307875148510933,0.6675070038924997,0.2981713757536743
0.0955889253354494,0.5466989595684897,0.2961771590782284
0.048909231250286775,0.7065595331495906,0.38821835867124693
0.05381567813499216,0.7198155683011377,0.410515135741034
0.08701183916250196,0.820804635878857,0.40518256599107
0.005505794776192771,0.7615146772945153,0.3798032364838093
0.06934457430871578,0.8398203723791703,0.39772190323122
-0.05180747417907668,0.8980351806389791,0.38581233335759063
-0.07108181256448765,0.8909706883176728,0.3562486104427356
-0.09803862678036843,0.8127179049835314,0.46970502791959323
-0.09809992691327643,1.0113959109473118,0.38780669463143896
-0.09230509514841125,0.9251035386512401,0.47348849627986245
-0.12306086959574834,0.9855362394429363,0.5038651550503676
-0.12831076534237923,0.9835221644019767,0.45981954776238604
-0.2205481823494187,1.0043705140406174,0.5106868960668614
-0.08993001221432578,0.9685194720064942,0.45279316888659843
-0.19677900571037843,0.9511306439559423,0.45149424677822275
-0.22033805891834785,1.1532879037466484,0.46949006494738044
-0.30093825361533005,0.9161474936312496,0.5396518581958135
-0.2914714363605854,1.0388064205394478,0.49877606106624983
-0.25886177464906035,1.0677961073119238,0.5236584216131357
-0.25862326360729454,0.9560629268977752,0.5451329499694635
-0.32349867317018954,0.9601747792039999,0.5535953413466391
-0.2972780969902096,0.9626204748334499,0.5537770007504612
-0.30457084912551263,0.9652532680616802,0.5686605479536208
-0.31989140072498967,0.9391990439965583,0.5646057086655428
-0.33653909892569833,0.9819249735381116,0.5831346772106274
-0.28872157453725034,0.9520747037673059,0.5921562289038528
-0.47951225266090763,0.9515175721929806,0.6133706940281783
-0.4398353155199883,0.9249887551220576,0.6814148978131233
-0.4902979718484686,0.901410081080139,0.5159263876283936
-0.459109510293523,0.8683441864224657,0.5560888644197333
-0.44753412936089254,0.8867426418534214,0.647561786506667
-0.4844159645752205,0.8685944111729329,0.6520930011968725
-0.4554402834508009,0.8731839041150875,0.6444075171461279
-0.5481258424320287,0.7429595733767912,0.6422304033966892
-0.5126031686671012,0.8142550837017528,0.6235912109828862
-0.5712023364835555,0.8159855516730575,0.6260432078229357
-0.6433768149191089,0.8392629168014006,0.6253260699493046
-0.6417471617393123,0.7235885342225991,0.6406426009798523
-0.579933325166558,0.7206250224409232,0.630095901539768
-0.6588235935989785,0.8401990496817249,0.7616764893278075
-0.5815879784194786,0.7111038779894175,0.6801534845070464
-0.630259846180658,0.6540935683515149,0.6878953474020212
-0.5790854109358944,0.584185666045995,0.7090586176425229
-0.6725887364313168,0.6095135785475081,0.6954099512575724
-0.6684205803278938,0.5946064419983778,0.7463408269547475
-0.659186190631048,0.5836296705930418,0.7470240609075807
-0.7453606595344163,0.44726271360530334,0.792276511410438
-0.7763982187929912,0.4940896839352119,0.763240191871172
-0.7051003255553825,0.46103778606059304,0.6954943821397773
-0.8102404059126515,0.43204721297447507,0.8399430079574459
-0.6986194858305927,0.1665769444358422,0.7951072912428558
-0.7801128341158151,0.31776440629507985,0.7801588590471584
-0.7600506169746137,0.2116138337356458,0.810821900990852
-0.8187116994352396,0.21133381074417737,0.8087565498876982
-0.7720107268716753,0.24141629263177034,0.8082796803430122
-0.9167961488678213,0.13056735100385128,0.7876427524765827
-0.7907418010364127,0.13073306982104146,0.7415240909235519
-0.858478560326398,0.03157599484980232,0.8471377547697234
-0.7617151673162135,0.0821370280780865,0.7952187133852167
-0.8402620408121652,0.06491971615590147,0.762033895099731
-0.9979990802981645,-0.027352651505864717,0.8295961122542898
-0.922046126473872,-0.06131448612370885,0.8175785401645038
-0.915218120958898,-0.10652285622660647,0.8465212141889109
-0.9796747730441859,-0.18732362307857872,0.9388319671518031
-0.8496828273713537,-0.2785258910675961,0.9029552851285705
-0.8696247439072883,-0.21706876755198073,0.884575840400223
-0.9339165843054072,-0.2857607928096211,0.8123670898689067
-0.9699234853561104,-0.41633203194792645,0.9716433271757061
-0.9063762145221493,-0.3913172941007629,0.8985960553945886
-0.9732854219024414,-0.3460255307659391,0.84254533362952
-0.9014098617447389,-0.35064281441299555,0.9143148096744558
-0.9666907341422637,-0.39523660354955203,0.8572265123188343
-1.03958973483146,-0.5338125314613246,0.9056058132266053
-1.0179362779490153,-0.483426058514163,0.9337887562322511
-0.9180610883341801,-0.5666785097262753,0.9396673558475256
-1.1205515913437925,-0.6255012373353037,0.8829657417023993
-1.0186560516442889,-0.5770025828897486,0.9304661793579568
-1.0245769158437694,-0.6687264552138807,0.9633641091905214
-1.0800535030327536,-0.6748221029484897,0.8887031080637502
-0.9942816870498384,-0.7087434759395345,0.9361925166183944
-0.9181240005146751,-0.6957538463323647,0.9774698389339929
-0.9398077421919167,-0.7884914010728296,0.8450991745629672
-1.0742837375272145,-0.788161124880146,0.9214145606365711
-1.004766387442857,-0.9362270602566817,0.9707071753034981
-1.0136090705702632,-0.7839798863661497,1.0237950932961803
-0.9666210653640707,-0.8018372114929394,0.8876176971317494
-1.0365303011116982,-0.8741786431841874,0.8988208580259824
-1.0220482992980418,-0.982203181232737,0.9745043233736163
-1.0287176989729188,-0.8960628548913655,0.8547432473198491
-1.0042063973329998,-0.8648672461076975,0.9677914662192125
-0.904891697731598,-0.8871050186528904,0.9777525838309791
-0.972130364725036,-0.9237249597012971,1.0013440482992506
-0.9327668291782538,-0.9502116097522042,0.972998330909848
-0.9400107166555894,-0.9628868563803591,1.0835330285088984
-1.0102416024623724,-0.9608981019803883,1.0070746460759277
-1.0616884733071712,-1.079032271352038,0.9372058248801187
-0.9289941697633821,-0.9515582335536195,0.9193796888979267
-0.9758839477824884,-0.9647511032576155,0.9618276126881814
-0.968775045636876,-0.9318727470201681,0.9853017290456291
-0.9359508778347277,-1.0274840666217613,1.014385848433945
-0.9096108217190737,-0.972192221266286,1.0188356777365615
-0.9831636202449523,-1.052259650922524,0.9960737503807935
-0.9108410024024907,-0.9918789712159086,1.0067384316699797
-0.8955481843217887,-1.0460745827819946,1.0305298805950371
-0.8843238330422329,-0.9940210716798257,0.988802307411933
-0.8960980911870845,-0.9953886669834411,0.8970512411399105
-0.8413181584575733,-0.9732534191657328,1.0107482089037176
-0.9426011026087913,-0.9628057432209839,1.0024168817521621
-0.8911490015374455,-0.8798965462758397,0.9766099533628656
-0.9020272215650393,-0.9451615373770872,0.9201087480766503
-0.9313120751713804,-0.8548105417667133,0.9745194952369371
-0.8072150356986891,-0.8978134259349713,1.0159559163140255
-0.8522852027730018,-0.8181901056402807,0.9878786769542601
-0.8678250752708919,-0.8030300964776612,0.9587597687197437
-0.7383474200944748,-0.7150638244552963,1.0354335679748996
-0.8234831419487726,-0.8305100117794273,0.9550469360286709
-0.8112559887948305,-0.6561497549696944,0.9823681172947557
-0.6735843094079259,-0.819134032911061,0.9626919204242157
-0.8004767160458934,-0.7043805633979443,1.0368608933943753
-0.8258624881032406,-0.6423791583988036,0.9609344004866549
-0.7215187178014059,-0.658191322106385,1.0343307665689951
-0.6892644793181021,-0.6402632709081514,0.93320507956913
-0.7180628963232922,-0.5869497986333347,1.0562365677516499
-0.7455743928403881,-0.4829449551130371,0.9274919110982438
-0.7252304178790604,-0.49278205478254633,1.027577453995622
-0.7216111648231772,-0.5053364554950128,0.9387284289374136
-0.754263817207921,-0.4618641704834194,0.9531643725233949
-0.5718275240382191,-0.4061080961287383,1.0214638525942301
-0.5736033084376807,-0.3503777956187677,0.9668938376436164
-0.5604921347612959,-0.3547811234486708,0.9396116740812664
-0.6529812384358804,-0.25146428207367233,0.9874629712152216
-0.6997279627795545,-0.1538618461007624,1.00286631468122
-0.5494178920561866,-0.17136265849890092,0.9849089864739532
-0.5656322320142757,-0.16665005391625742,1.0181238761922025
-0.5256395694590412,-0.1279645003868693,1.0287487702825846
-0.5337636905038331,-0.09610676429768994,1.0250537640492408
-0.48324912174247203,-0.08202802566157302,1.0445687864939908
-0.5031847897556453,-0.045300048148107556,0.9501184093721474
-0.4665150266618135,-0.040193878454410754,1.0736745003344284
-0.3824230213431428,0.016758001150665225,1.008667864407343
-0.45167550773751797,0.11796948760038863,0.9558775806607188
-0.4571037935462545,0.19190936564552288,1.0435974193297781
-0.32979646422269615,0.14059665287631007,0.9680985567417375
-0.3388129251955646,0.31141066650787336,0.9385165497577747
-0.2844618930164466,0.23723009121842353,1.0481424325313649
-0.2815487922577798,0.283388560934037,0.9855788392959887
-0.3522244637117155,0.265898808190972,0.9781385754221146
-0.2632907973716745,0.34357161363457533,1.0359922479281927
-0.29614774229955493,0.4241371359350711,0.9747055171121233
-0.21094150969845282,0.4471160691356146,0.9287629425567955
-0.2930164931637934,0.4109056620575907,0.9545830970252603
-0.22173130593968124,0.6225376252208396,0.9902788767752829
-0.2517617141246838,0.5418336830573404,0.9244069629063755
-0.16793702532693505,0.5637774624481693,0.90767635238908
-0.11102841810582587,0.5953407205381585,0.9944247516702583
-0.11234945594082474,0.5989925524799545,0.9172579583100922
-0.14807895368364332,0.6883106084594559,0.9322964685392847
-0.05396178323542955,0.7906424620264465,0.996025541281814
-0.13147748069421641,0.631847547652858,0.9004538119046509
-0.06262416564644682,0.8224834967563255,0.879906932461693
-0.030218647279745808,0.89385827745087,0.9265124141692993
-0.05575710445982489,0.8721101183634693,0.9281705981399339
-0.023746013779657904,0.8378035479938949,0.971173288768657
-0.007766075480345341,0.90407277349117,0.9042247742842028
0.06723063400961489,0.9106120499811345,0.97001281745502
0.07524671255236606,0.8658779862701016,0.8734986225371025
-0.0022834528734095028,0.9304679807022346,0.8675109132263438
0.10051618138846997,0.8905311046071613,0.9022623688452234
0.1704550809359135,0.9756804967746701,0.8810462482422077
0.15113706465422452,0.8782495928340717,0.8458263176400954
0.08653992677731961,0.9712636377037993,0.7791265621655307
0.16241498152694964,0.9348571009516596,0.8414673270756596
0.1121522840524321,0.980907360233137,0.9243556475325159
0.23687069754604007,0.9913645755380847,0.9054105911494766
0.1868590953483473,0.9999336817070129,0.84836345364772
0.23340472707507315,0.9031107387252152,0.8102252047718747
0.192828857655015,0.995800096168427,0.8364556613825
0.3418900832764486,0.9884652069607048,0.8585198980108063
0.35386736426092325,1.0882001127368022,0.8313206968270368
0.27955534763757944,0.9476215716294382,0.8146382419983558
0.37715701869590673,1.009160106741149,0.9148256769990669
0.36766066594554375,0.8193031914323406,0.7642047862487913
0.4158517630699622,0.8454793005845936,0.8089637427747032
0.39798886546589934,0.92249453511667,0.7317199288347078
0.38396022105698774,0.9298642471994508,0.729197023096146
0.4098452518167872,0.9377335497344534,0.7896211892493057
0.3861687013632015,0.9451025088208879,0.8660010762242931
0.4639513737756634,0.8974381908674101,0.8133241588586678
0.5259207932069594,0.8496044987010685,0.7962668500823062
0.4578687841553961,0.9076760698892108,0.7655529446640519
0.5561198041714049,0.8735421588399964,0.7753274580318302
0.5640134318534457,0.8016035424673408,0.8041037415114379
0.5270738396383209,0.7469473228024508,0.7378676939747438
0.626030614872947,0.6984603755808453,0.7248756559385944
0.5750962228130234,0.83859024546707,0.8132205059659171
0.5185213369084944,0.7942544160889884,0.7814279919996479
0.6458275515281942,0.7460919791277492,0.8182008591517084
0.6835473172041984,0.6437283519880638,0.7607754120328442
0.585749446797544,0.7300817487967682,0.6871445721884395
0.6784749887705344,0.5917253533591278,0.7095119589598181
0.6760035383626934,0.5514137077721802,0.6845726189602241
0.7533840437974625,0.5678205027487414,0.6429286010687033
0.7518778324135523,0.5018191596485463,0.6071270527209768
0.7878358618237641,0.5289457239185874,0.6927458130739418
0.8079131981965867,0.44780924699179847,0.6922652712127509
0.7535523851804665,0.3610902054139281,0.6268105896678071
0.7541549341692634,0.3871551707638309,0.7327019746526284
0.7888863111593399,0.3235184556306348,0.6464498088381999
0.7859020633497241,0.30062948942028367,0.7291012423022685
0.8703246797752007,0.2133301792862442,0.6490230971744848
0.9285645790992947,0.18356928751779109,0.5687278024908229
0.8603244518605184,0.12389757904558439,0.5708576619449427
0.8217071483632509,0.12484304382284295,0.6062170702330807
0.864364664506887,0.1212925477686321,0.5698218856148182
0.8737740535934305,0.04820277118852993,0.5416100267952464
0.9144146626207127,0.0887423445337196,0.5726787995324576
0.9721677429097764,-0.12996570931593313,0.5826012944951839
0.9075031427906706,0.010404290657808034,0.502170488110266
0.931288708347786,-0.12529353626810416,0.5465240417938084
0.894104650872013,-0.07394426468857179,0.5221480380528086
1.0160977864851437,-0.19647827965154058,0.5931839914846518
0.9178486339417399,-0.15498905855746892,0.5016803705848568
0.9356132323448707,-0.2064381674782775,0.5126745163441048
0.9302165112635695,-0.20114297640039797,0.5127820309083032
1.0347790889378365,-0.2763695290974697,0.44171220574248293
1.006134836670821,-0.37234138466678174,0.5695606948216778
0.9391119647354783,-0.37050772113942704,0.4319999878200879
0.9324265031021519,-0.40313607217554764,0.4526513723963507
1.059587659577483,-0.37641975405682226,0.46578653637745526
0.9451680936190491,-0.45431850782454286,0.5053068837581463
0.8884904176402143,-0.5757105420087302,0.44334940006563256
0.9521512969343457,-0.5447110774770634,0.43280945560102796
1.0171761695873427,-0.6568086619640634,0.39688652111806155
0.9515927291920995,-0.5854344256006878,0.49558667633946435
0.9898570109650718,-0.6416072835100355,0.4240169543055958
0.9724701229085557,-0.6645909345001992,0.4315288582274864
1.0247322795948197,-0.6467064443044916,0.4065162071103152
1.0145077800261797,-0.755046045574058,0.3602219829238851
0.9970869524094741,-0.7632831986594217,0.36259864236948736
1.0398192563381088,-0.8162359236072794,0.3722794227152733
0.9502474206539202,-0.7724102742589887,0.35213378450276633
1.0136718309403268,-0.8430585323307114,0.33284206619581996
0.9359918291346966,-0.8946715931843284,0.30249209733484334
0.8937483768145413,-0.8600130728606232,0.29749790782900554
1.0061913637094722,-0.9100730865498601,0.26884716514399115
1.0343155164828026,-1.0015207783831943,0.26891809484447027
0.9945366890588173,-1.0511732538156242,0.35012315405934863
0.9724213539846573,-0.9393161927460892,0.27208034659751745
1.0327625617645733,-0.8594045451176464,0.3031103423035667
0.9917465465394484,-0.9587144791869294,0.2927624927644694
1.0127700023176345,-0.9844037099597962,0.1809931377980231
1.0218443385967186,-1.048668996774943,0.2978536051426803
0.9338927482379976,-0.9977838476381323,0.2784749471345031
0.9635167572576023,-1.051358316991287,0.24859725419887893
1.0011498460357624,-0.9191181625450566,0.2527328664840195
0.900195285087723,-0.9148206656789099,0.24867663917813349
0.911096104825214,-1.044503639214942,0.14398254400342156
0.9383612556130524,-0.980985522990625,0.1417382716393477
0.9867195073400437,-0.9662004264869138,0.26108657723396456
0.9814416860131445,-0.951886492431947,0.13920897520201753
0.9018709112955944,-0.975186812903832,0.19392264367618703
0.8957922133184828,-0.8325098341611489,0.21230943110494507
0.8484303588506983,-0.9937507575862157,0.16041421771607933
0.8553790091243363,-0.9470672327520044,0.2272529509936977
0.8967133070040153,-0.8823269652641939,0.13205362176431273
0.88873683621872,-0.9813540383187649,0.09232616930355059
0.9259195531828665,-0.9948617105967792,0.05975826838853438
0.8698445203769404,-0.9378585338337906,0.08598201522148761
0.8476719725858949,-0.7754542268727237,0.09186698407736477
0.8268636545481807,-0.7751005281720486,0.07009418086495367
0.8725911727506993,-0.8118962405326299,-0.03364215976083389
0.790924250002198,-0.7443275339400164,0.05145423169749836
0.7829487680278807,-0.8074528095962952,0.006531253649597203
0.9071187650100127,-0.7320953561778202,0.10964140564239744
0.839844409167117,-0.7444997932309254,0.10914817848753797
0.7826794279402357,-0.7029852459476519,0.022261370820498613
0.6678046283885027,-0.6119247033357839,-0.02055588907825239
0.7482837931576755,-0.6951681507331978,-0.033816546688872004
0.7572136112306743,-0.6564174643971246,-0.04781683442986886
0.6718149519010645,-0.5788871276367739,0.029650096125220567
0.6799921881752111,-0.45174222493764876,-0.0191752700331482
0.6971167680482955,-0.4425189680464548,-0.001757683836575319
0.7589349967326031,-0.5120193702464636,0.007600659901332248
0.7312252107379493,-0.4431001874258966,-0.02390718342720169
0.6097569842328945,-0.39651988073248934,-0.10199752733478007
0.6539179711889506,-0.35217550608316267,-0.07050973229270653
0.6168933385151926,-0.30832062789852493,-0.1861605965647663
0.5776120209270037,-0.42317793190096564,-0.06435189536011696
0.5882559083464256,-0.13403223819863147,-0.0998464410141419
0.6173861752178385,-0.13889264470568735,-0.019152505538084647
0.5432659493979358,-0.22144437999968106,-0.09285373289101065
0.5076344642672019,-0.07955342906463642,-0.12677896004204503
0.5348090814975985,-0.07207084664909447,-0.18938000886250123
0.5410121613382054,-0.06770140325240581,-0.17959379204624784
0.42884351538938037,0.015233527441022188,-0.14264132843198107
0.4569633923081508,-0.0029549597728472203,-0.19876986726261028
0.4422223934535011,0.1024773859622188,-0.1603390339164037
0.49231787659156845,0.09886301140264867,-0.2680428153144148
0.42530363401503796,0.20306820528823052,-0.2444911552033145
0.3639265330160536,0.1810542171830772,-0.1633613550177873
0.38032980501742675,0.22871872639793323,-0.2396468834265927
0.3753566546078446,0.1605867134329639,-0.18616689317380844
0.3673322163437429,0.18503047986611165,-0.2737725552734537
0.36106243970974633,0.3578712834137461,-0.2525807660624649
0.24429783227983953,0.39041587253912785,-0.25240035998832666
0.2714315104801596,0.49792478427290504,-0.2872850043353102
0.2235137869269928,0.5146532734564728,-0.3069287071468902
0.23904344873368452,0.48812320683684995,-0.4020323336614435
0.2802925466370661,0.5626878139864439,-0.3067072603444571
0.18947199658294844,0.5101184390558088,-0.2615878509142639
0.23320152788256993,0.5900410694453222,-0.3591905010723927
0.15006701926318047,0.6146852211582742,-0.2623034734179894
0.2747988284791683,0.6390117416839083,-0.3467366581928561
0.1582118987260849,0.5698976927541197,-0.23167851630024425
0.10786421904264815,0.6574527880218343,-0.39096654710264556
0.06977637600977296,0.7377168521958696,-0.33877588634323863
0.1415601805300547,0.7360852475339943,-0.36730200640775285
0.10681929545061458,0.7367250559076647,-0.3610835947488126
0.03296865878517542,0.8057733498861026,-0.321021337210973
0.010323960024087997,0.8276118697462683,-0.4087105536330627
0.025377821682959767,0.9155849350193066,-0.45379278835449344
-0.03391823794131855,0.8487882702603803,-0.4420779394248693
-0.09914960195967687,0.851635940784661,-0.40424115591471715
-0.039331137619383956,1.0005362365554793,-0.4508641012140794
-0.1224384095893034,0.9033856537878953,-0.4904092523390119
-0.14253053887988648,0.9569289942747302,-0.5742391977842171
-0.0614292408453047,0.9069226852244314,-0.5162428864819021
-0.18847602851854084,0.9215250658615644,-0.47662595699201576
-0.1487004462865911,1.0398875374748762,-0.420327737952006
-0.15306609341754135,1.0390422939465727,-0.49106900056957836
-0.13978948956814424,1.0554236808922626,-0.47344202645570044
-0.21405287385588534,0.9566627873195608,-0.6506966137323671
-0.24736675258931826,0.9451508538028428,-0.5264532310818768
-0.3214895073982549,1.0122162408398472,-0.4996848966993017
-0.28434659922495137,1.0537209444888218,-0.5840889349708362
-0.3226211744501297,0.9315658494012584,-0.566636973695397
-0.3003996024073831,0.9612166826851142,-0.5866742516104176
-0.3062352266689213,0.9729437362407686,-0.5683694015228585
-0.3835842706580335,0.9522900769023017,-0.6236858696372035
-0.3734424305260192,0.9625787509331604,-0.6253057438318228
-0.40572942726658495,0.9137962051277356,-0.5453872288874014
-0.41606342949826847,0.9575810008037249,-0.6504591245517265
-0.38525953268793156,0.9021032508755547,-0.5708329775346407
-0.5001919312938351,1.0081642041095362,-0.5538090857349545
-0.4983345863483598,0.8374332125278244,-0.6083414279140532
-0.4970333330921098,0.8593738198665554,-0.6902538719134338
-0.5008412599904905,0.8447704973158501,-0.6684918194743649
-0.5500610054786313,0.8677565664849679,-0.6544231554427142
-0.5678474194873334,0.8597023979260734,-0.619571314057709
-0.5802317065488521,0.8563768770524932,-0.7004379177311774
-0.5713038280764281,0.7951412556882743,-0.6166472110019624
-0.5813455187083856,0.7760457794142148,-0.6279302848029079
-0.602625790160943,0.7709094131423854,-0.7406869494273632
-0.6256469334651752,0.7443277381327397,-0.6535048998820662
-0.626181269482271,0.6680775946710064,-0.7174819641696695
-0.6352947614245067,0.7259461116395274,-0.7055742009572917
-0.6632111252701003,0.5964119551972719,-0.624500173782786
-0.6034733524040855,0.6214698879171591,-0.745605484551279
-0.703979164595385,0.5684156124104401,-0.7745487471467736
-0.6430010676292318,0.45339459611828276,-0.7292720884282646
-0.6744777972521627,0.46493228345373505,-0.759524292676145
-0.7639582607112195,0.5497044446410412,-0.7022027744279729
-0.8206681417935908,0.3798581279037481,-0.7111072030330937
-0.8661610612454137,0.3940693452128557,-0.6724284703847222
-0.7550641958905747,0.3296193768916486,-0.7106923783887455
-0.8091088747915651,0.4317772544603432,-0.6800773880360824
-0.8349341578872768,0.3001942916377802,-0.6528863685494675
-0.7801829147450995,0.07238612786234039,-0.7887909472729686
-0.7897806262337321,0.13454899244618979,-0.8243598387873583
-0.8427545850599,0.18438399001203676,-0.7282342593915032
-0.888385025242313,0.06258667620134133,-0.7861414336408629
-0.8102378719734303,0.15470882207292397,-0.7294945029840123
-0.8240701483418167,0.03253710650856788,-0.8955899475419533
-1.0016449741486593,-0.05309196631506428,-0.8918981946949984
-0.8119083796017623,-0.006694183231642184,-0.8423497418843754
-0.9626429668554415,-0.12120131986654047,-0.7950560933546215
-0.8811998902250446,-0.13021506351942022,-0.8860837022389669
-0.9544946235334484,-0.12884793053769367,-0.8169333914895165
-0.9367722082974046,-0.22824362718782512,-0.8336226575074942
-1.0183140715640162,-0.1629910537780221,-0.828748457628078
-0.9013597387943306,-0.31325442692294614,-0.9640682733679278
-0.9343308576883849,-0.298674772459309,-0.8853648886526444
-0.924640824748721,-0.29665338169375227,-0.7981900904892351
-0.9654280380172221,-0.30192147730530633,-0.828899477314923
-1.0091131866911194,-0.38151487001039835,-0.8873850373164293
-0.9778298482439112,-0.4599224528852521,-0.8544695229516446
-0.9675405673093659,-0.44023125743131036,-0.8673222968871853
-0.9671380379119864,-0.5229564608125209,-0.8084115132087992
-0.9793126686833502,-0.6429167055378032,-0.884256720108802
-0.9566748601605238,-0.5416592419154811,-0.8543638459908613
-1.028189057014795,-0.6529910791029025,-0.8415101813166275
-1.0104284784219828,-0.6650953366512812,-0.8810132886195037
-1.0566953509124142,-0.8124661140961507,-0.8627965170636153
-1.04965643072941,-0.7726800670807712,-0.905232575614858
-1.0053911725020765,-0.7532162747654755,-1.0057794380088096
-1.028625895824456,-0.8425240806811921,-0.8370965823800118
-0.8629482152643484,-0.709997652318423,-0.9232687264153233
-0.9853702973093262,-0.7247222714268804,-0.9255286096743274
-0.9733788126973459,-0.8606716136826225,-0.9330768887719524
-1.0441163275617917,-0.9196242997117303,-1.000974307247216
-1.0174429263857563,-0.812317136527914,-0.9244320869029866
-0.9555592348288982,-0.9193954951484299,-1.0345957379846324
-0.996604620884465,-0.8924934234749174,-0.8854676494077142
-0.9795615092843832,-0.9631204944398086,-0.9548699531820891
-1.0132025179925974,-0.996371739820691,-0.9565576244153824
-0.9590914082439806,-0.9114195290088944,-0.9359184048341832
-0.9741733374079615,-0.9554356218388118,-0.9592230043848454
-1.0494683604260007,-0.9926383667931099,-0.8932030450205715
-0.9659638345895811,-1.0564903074266399,-1.0548348473510172
-0.99139362406252,-0.9531603381947831,-0.9642943983682731
-0.9794679417192541,-0.937454096686302,-0.98518909753249
-0.9406323121950195,-0.9500877283454007,-0.9727857302538119
-0.9813687101459994,-0.992984563630955,-1.0063654700485611
-0.9972960740409217,-0.9113868760808976,-1.055742862241946
-0.9711696486377407,-0.9347902732020976,-1.0145147491315978
-0.8936546202806857,-0.9863602240935361,-0.9634565978210583
-0.9140828223572783,-1.0120862386209568,-0.9748185026499526
-0.8914665555487147,-0.9242556561393068,-0.9260095030688392
-0.85780605926937,-1.0437562599777994,-0.938035304614544
-0.9714124404666645,-0.9509379437332581,-0.9862196574532203
-0.8864082286499477,-0.9398719830679473,-1.042723125193934
-0.9178733726608583,-1.0155608686799764,-1.0073695614638163
-0.8784707385693071,-0.926266842633609,-0.9220297680960364
-0.8094703526416214,-0.962799831574965,-0.9597564780777255
-0.8365747659836736,-0.896844118320671,-0.9908939638134626
-0.7822665391037206,-0.7171663826031158,-0.9036497563729393
-0.9423551102134812,-0.8154729092354736,-0.918709555747625
-0.8071401972588644,-0.8041011691774083,-1.0033327730763129
-0.8541388243333596,-0.7353853077898636,-1.0955106993295676
-0.888346112890439,-0.8752324331195996,-0.9178329164559867
-0.780502567353853,-0.6990912585280066,-0.9527245361635296
-0.6825103684074162,-0.7365156318306364,-0.9855847480831872
-0.8354578683678364,-0.6954686396188382,-1.0301924515575749
-0.8232292130810385,-0.6714895210913028,-0.9975882430603465
-0.7181903867738595,-0.5728020421052777,-0.9815357332662015
-0.7023428983347308,-0.6038819262814654,-1.0186533341731787
-0.7165323262993191,-0.5635302591576052,-1.0207006474252818
-0.6769135393929655,-0.5534372228137884,-1.0509236975549352
-0.755551885098075,-0.5195322293536132,-0.9866594532936169
-0.7035372751144966,-0.5176133559813464,-1.0578322396041817
-0.7172065227653898,-0.5267890398643296,-1.0133059765788477
-0.6130160061469815,-0.45814281068177665,-0.9918077200816112
-0.6041818354923352,-0.34058357160832153,-1.0555425260142677
-0.6337542340424481,-0.30117394577494877,-0.9332269808717688
-0.57665377452155,-0.37148412461429037,-0.9646210392891251
-0.5855387697002739,-0.22616737579396506,-0.9856216109389038
-0.5805688652107012,-0.21322282168361345,-0.9641270545605825
-0.48409691235900054,-0.1458999137246892,-0.9301827134269725
-0.5078425625386004,-0.1482987877070583,-0.9189452797610111
-0.5353568972077914,-0.08161811765646923,-0.9030520779097087
-0.5357647770532007,-0.05303922172928395,-0.9419290217768386
-0.3968506459750545,0.02500957738983006,-1.0531852202432228
-0.5323800405894569,-0.003220169384071648,-0.9933642143362924
-0.42907019973584226,0.10258565064625978,-1.0655077163258053
-0.5041198875578772,0.07644644792148797,-1.0733777692190447
-0.4893398180749905,0.14849349589614763,-0.955666230034232
-0.5190983254599137,0.3203028889626286,-0.9125771551497802
-0.37336228283035683,0.18476072812327657,-1.0063134101995126
-0.34185819080462143,0.16626006200733434,-0.9759980010615195
-0.3229585500759548,0.319998396854145,-0.9863385652216151
-0.3206580443565565,0.2915421019735672,-0.9883632328297738
-0.3072195309000103,0.41190669776456745,-0.9351328653340752
-0.32253414832243604,0.4205097859624173,-0.9524117722116276
-0.2465115682819904,0.3871715742110449,-0.8527528809351419
-0.29004550289315534,0.37510014994962165,-0.9860335574609133
-0.20475832757426066,0.4197412597716769,-0.8308473674177518
-0.2874299439582943,0.5877079170939784,-0.9766460657249059
-0.20245637290921037,0.7182155603884413,-0.9873202202076211
-0.17970884913376906,0.560215863886118,-0.9644006247629552
-0.08374536219056097,0.6265148595660661,-0.8301200490769735
-0.10075046255645764,0.7921328516967275,-0.9353851080711229
-0.13609510270805025,0.5993362409024575,-0.8740647546644142
-0.11594434538575848,0.8447079977043732,-1.0158824982227903
-0.09284707629589412,0.8626514350249637,-0.8769984594118115
-0.005021492176654048,0.8148934694518295,-0.8767403421097629
-0.05350863095310925,0.8249524187729699,-0.8947173822825208
0.04603674322692272,0.8730998757140651,-0.918241963744972
-0.05693548957463339,0.9072956787093309,-0.9185010559581325
0.12462527458537061,0.8767700820200744,-0.8348940970715832
0.042883846276569756,0.9174304088058346,-0.8670421204093971
0.12414952265640011,0.9170936536444539,-0.9161680751470167
0.05553259753531345,0.9344547290590617,-0.9916244755252309
0.03188766152217351,0.9496567782953987,-0.942292588612125
0.18636961266631896,1.0296776742316052,-0.8157076141030866
0.16133512960220273,0.9781037739692903,-0.8489962808664483
0.15342157346342267,0.9806884021252288,-0.7683548617432647
0.19594450897953783,0.9429794715936428,-0.8195334707515087
0.2414120875503905,0.9226575100677384,-0.8242244687652516
0.16992324159367025,1.030953824269657,-0.8817353869163391
0.2603202167405511,0.9295818879283992,-0.8077861409919089
0.23539656744706158,0.9623801962952715,-0.8062430806732984
0.21487544724628949,0.9636585724946232,-0.805884541933644
0.32450164832610495,1.0040117833753663,-0.8118613843464337
0.2559966358903632,0.9484050669186469,-0.8030661060682905
0.3120764226760522,0.9939348237408097,-0.776248161908168
0.27438861217403326,1.0152448741960642,-0.80570174211835
0.41092470943939235,1.0254332605978653,-0.8541871984298569
0.36053531642759495,0.9649386951385165,-0.905871688541274
0.3969704649063393,1.0358130132008716,-0.8086069360692004
0.4836692209602302,0.969784012103948,-0.8220529845723717
0.41240082365731223,1.095567355246198,-0.8620980079509935
0.5032388823249062,0.9993238083409646,-0.7526413129811146
0.49478756282267733,0.9548917380774004,-0.6572303589029527
0.3954402686527555,0.930274972239544,-0.803416995676816
0.48173149411032956,0.8335496316897557,-0.7598284983109941
0.5270284548997836,0.887207529710878,-0.814494896608444
0.4782162788915515,0.7220697189244187,-0.8140046707429109
0.5695644284457683,0.8593378597722783,-0.8021097924305554
0.6392410088750907,0.8094881771326123,-0.661607201209226
0.5890357184453058,0.7151360860075968,-0.7057140303579059
0.6035094343046306,0.7962802158487066,-0.6888348077106896
0.7292316768517402,0.6623246062292555,-0.7353226626577697
0.6691336006896025,0.6735554001838945,-0.7530043207685926
0.6029509213086937,0.6595404616729886,-0.7283368060234373
0.7844848143167406,0.6133704046745824,-0.6815035054412787
0.7737992953766751,0.516764308621008,-0.7871838175091855
0.7403361784898158,0.5931280343175128,-0.6688291995273343
0.7367726913969208,0.48659266878013646,-0.6571257447955561
0.7354878625811079,0.44383370013283147,-0.6931035341563938
0.8290750074995614,0.41149096600917046,-0.6606851727042493
0.7009704227688527,0.42934481803079466,-0.5646601211269588
0.7862090275916955,0.3403124241920651,-0.6221046101207133
0.825969640716244,0.4117885971342008,-0.6526447739736951
0.7703104194045781,0.3281191413454359,-0.588052179955968
0.8221988513360496,0.2573744194573574,-0.648193564222074
0.8497656567824294,0.2727659386757184,-0.6851782636479737
0.790258906782603,0.1451320977268104,-0.5086734259635477
0.9243197400429694,0.11799900059954879,-0.5621746347676249
0.8596242083227867,0.056480378464324354,-0.5588957291938865
0.8350743317269466,0.033999037698143754,-0.6127432239009477
0.827872262995882,0.05194468093043992,-0.6280068313363476
0.8214179562825242,-0.06926103773201334,-0.5600480478043159
0.8992546721801233,-0.103236193561205,-0.5978428603404572
0.8536333295758902,-0.06386873728728615,-0.5136403495855745
